census_tract,exp_distance,exp_area,exp_poi_diversity,exp_poi_count,corr,p
36081000100,3.3606851189584432,1.1557223888449428,1.1299143243395564,1.238122181980323,0.029379638491062645,0.004264166938523433
36081000200,4.638346358919229,1.051167227735693,1.5764530629197164,1.2723295434084427,0.004512956939292662,0.6607274391965683
36081000400,4.099322534313437,1.701454214284574,1.1079494016660085,1.4553799487923982,0.00826369301020631,0.4215715842076029
36081000600,4.899939341756092,1.392494951378791,1.2565036030651058,1.0090193710058522,0.06193241544245416,1.6496329976416538e-09
36081000700,4.1192811095211646,1.2141489454918954,1.6689335526300546,1.0351993894870581,0.05262259010947659,3.033578340706076e-07
36081000800,4.686623049568265,1.3491233190230822,1.6101881311495667,1.060175353055726,0.029630828034736524,0.00394691347368316
36081001000,4.4733509593780845,1.56270483877607,1.2361813537249127,1.319809830401674,0.03229721186934368,0.0016786732777807354
36081001200,4.197317145574665,1.6464022976462989,1.174604261302182,1.0486230042810902,0.04295062485441518,2.9268597023220193e-05
36081001400,4.654678916866153,2.0059194290605777,1.2950543645313317,1.0291118226257332,0.05153399971844151,5.296116271624056e-07
36081001600,4.390844294789964,1.1376120774973506,1.09821435171603,1.1922422165629616,0.029773652122382175,0.0037762347395140024
36081001800,4.144515910712401,1.6631519050146313,1.0396049717260452,1.1014438221503724,0.03714984400405667,0.00030121956111648306
36081001900,4.734319954167141,1.0400382259147243,1.482240271272726,1.2384898880290045,0.09233054125149397,2.2816325785455283e-19
36081002000,4.960758166334845,1.5080659202875033,1.2299151579000736,1.2528372022636312,0.06315334739684637,7.841420695074466e-10
36081002200,4.896638696723695,1.5906164196013588,1.2156911280307572,1.2527278042172245,0.04427784768260109,1.644792013626841e-05
36081002400,4.306008485304746,1.272656426689018,1.22614323769439,1.2263381968296192,0.03032120556782667,0.003182252142235193
36081002500,3.6868382697618056,1.1559546809700123,1.4247175336955946,1.077080654685215,0.024381107746949574,0.017714477082002054
36081002600,4.607825505038434,1.4180554501433296,1.9305974193945534,1.0013645890553047,0.02023691806781509,0.049029002353133504
36081002800,4.566297403420791,1.0126519346558212,1.3968939338928728,1.1912480475282763,0.043703720323146476,2.1146412477338052e-05
36081003000,4.115903848854739,3.041944830341552,1.000045033340875,1.1424486918878163,0.09061966699270486,1.0339779275065942e-18
36081003100,4.389074992950112,1.0796698982878201,1.0077048804361541,1.1649632465724569,0.04808476522375402,2.8802201322819588e-06
36081003200,4.78229980275345,1.3174835752745664,1.2057122276971453,1.095861081660635,0.05953646113395951,6.817936635199218e-09
36081003300,4.435436185790552,1.3021666852752922,1.1891318560606523,1.1034182554075542,0.08622379154202967,4.41455670827657e-17
36081003400,4.410132778382927,1.4266292102003297,1.1540700235018022,1.1916751378963735,0.06945700211510218,1.3497978072455494e-11
36081003600,4.895888951696067,1.4596544459607834,1.0455072590594874,1.3135526396272805,0.05045079565168566,9.121138685931182e-07
36081003700,4.72292155811979,1.0943979043926895,1.0026137899650855,1.1280623852950313,0.01091608195103782,0.28838406352955803
36081003800,4.482667747851156,1.6327217139031802,1.0187829822422199,1.1210646345130584,0.039269002727253345,0.00013314179967934114
36081003900,4.6349545270685635,1.7865072144337564,1.0121317394428035,1.1042765216800117,0.02168940761065201,0.03488872280996151
36081004001,4.34232558779625,1.0774161697573241,1.2102558891844897,1.0270952730279994,0.0881224300757974,8.923862062909775e-18
36081004002,4.9459471036972635,1.5538177464257927,1.339910324129626,1.4562758660163304,0.02269840810497658,0.027257240616079006
36081004200,4.797560906037525,1.362256373638552,1.269191633969779,1.3937612758908156,0.04822091505415879,2.699577048016825e-06
36081004300,3.888147069792315,1.0512291232925435,1.3684135310256647,1.0525944805248493,0.036874809645836115,0.000333898311551344
36081004401,4.400357834357752,1.4443957866571937,1.0093168269099557,1.2585756924781357,0.05211512315735751,3.938768470587193e-07
36081004500,4.673416972270594,1.1810290144229363,1.1555284564858397,1.2306333912980776,0.027422065778329955,0.007643389095907647
36081004700,4.8534625954751895,1.4858681595366576,1.1473342858233635,1.145149682151736,0.05314714205315551,2.3101793658185583e-07
36081005100,4.640931632488549,1.1387331402387808,1.20352192648323,1.2511494619442338,0.03386972857589325,0.000984428241237262
36081005200,4.625650858406644,1.7691441041937264,1.0272260231146682,1.2047248590932007,0.07125590185511134,3.95442147310114e-12
36081005300,4.281513905533419,1.3642955110566017,1.1920109855523577,1.1235643605843677,0.038450253329358676,0.0001833947852933237
36081005400,4.75498106845377,1.1399505260541236,1.1405856475577352,1.2571787759184367,0.07963338978754271,8.692649126496104e-15
36081005500,4.7145907646083,1.2411638856163112,1.3813382648118981,1.3186202708539732,0.029895641276952992,0.003635795108806918
36081005700,4.087115038081007,1.3761078343735136,1.1133021729603918,1.1275813248743027,0.028464556918535857,0.005624997779694938
36081005800,4.814163503733036,1.1323373314261325,1.0307348709780193,1.2572184938460147,0.08772540589383386,1.2502080275770425e-17
36081005900,3.3114509355886987,1.7198641598160975,1.0648258776337194,1.09391063435681,0.017215045675545156,0.09405785912706195
36081006100,4.953018154430794,1.6119745127484464,1.2170775499745794,1.0817263677171063,0.0433323291688276,2.483893690186806e-05
36081006201,4.911348367943036,1.5089262297981076,1.0178700022382117,1.0427113507284034,0.10999325469976749,7.36409140338847e-27
36081006202,4.784555764422148,1.2610755286849427,1.0935945496420842,1.4231386582985408,0.10310516606794946,8.796306438813074e-24
36081006300,4.048889581087643,1.2717624074937959,1.2575709506404706,1.0932852071645236,0.05269922715709514,2.915674841237369e-07
36081006501,4.575389778183888,1.9273577456461126,1.0097256001684585,1.0958780486609854,0.03142376422024202,0.0022366320526676967
36081006502,4.71182166853815,1.142765985375707,1.6517566933129757,1.1884452866244999,0.030993228664820627,0.0025700881573737988
36081006900,4.800777041885237,1.6810542260293575,1.2380372471292034,1.1067046920090642,0.0315308033796973,0.0021601264703458817
36081007100,4.759382686312875,1.1464219064419154,1.3896597709013745,1.2960624238491312,0.04088175215728669,6.961135373719223e-05
36081007300,4.373158328853243,1.0349211295213472,1.1591203804323484,1.0880058941862671,0.042278241567072196,3.895328663969388e-05
36081007500,3.8657574602523113,1.1552150672097072,1.181358412667143,1.2025807549834173,0.009359505069000348,0.3626764889850408
36081007700,4.029792341113101,1.9844347397047635,1.2762460324616356,1.007285570752451,0.018078388771120456,0.07868727264328089
36081007900,3.8377020495581924,1.5277787297519367,1.0517622635623667,1.047511031096036,0.02105992857099871,0.040520163491801785
36081008100,4.5455145395794005,1.4667192485322573,1.4047219718424806,1.0012411621486308,0.0351811147115161,0.0006202700859481953
36081008300,4.239411926782921,1.46452658543935,1.086271987621224,1.0100378151756964,0.049932823890321755,1.1783787283909255e-06
36081008500,4.221252689695902,1.3572134741685957,1.5060924839796943,1.1121184464847609,0.034793365578340216,0.0007121786565963659
36081008600,4.4811350445907365,1.271406922605621,1.2100665984400427,1.0830249750615728,0.07095360614200438,4.8708831319414236e-12
36081008700,4.206712642928293,1.1687218914487758,1.057878005369048,1.068762788314796,0.042389115386018514,3.7170325704326436e-05
36081008800,4.0734816630332595,1.0666045951364693,1.3559205306591195,1.022588455362313,0.07363063105733061,7.463261006115704e-13
36081009100,4.481911411814867,1.1924147197754706,1.0486687081318102,1.1440350442493639,0.017419328362750685,0.09021927282818715
36081009400,4.63741259773942,1.0416184601873226,1.0108160853978951,1.6334243092034022,0.060718961831568864,3.407283812545361e-09
36081009500,4.495532105766806,1.397304853156271,1.7140788768251483,1.0130439378704637,0.042868092281884,3.0320477718749227e-05
36081009600,4.879751737131269,1.1704317568563631,1.3091683652746715,1.2463530979242936,0.05717604822540041,2.6185346827527982e-08
36081009700,4.563816414502183,1.01124327345239,1.2616880614613697,1.2468285478183727,0.03599300068554438,0.0004624259508455798
36081009800,3.9472886109352507,1.396726844860055,1.0439276850410124,1.2959629188101802,0.048198677292162304,2.72832013100174e-06
36081009900,4.64919410069545,1.852931646865116,1.334858659953829,1.0021950209338648,0.003958527690249089,0.7002467461656717
36081010000,3.574694006896234,1.0464080830426923,1.090301865762707,1.1570174330904104,0.062345711350945264,1.2844854420804303e-09
36081010100,4.732910945493764,1.0125056044843133,1.5221774445988405,1.2529841195161442,0.03106096183575963,0.002514780796495109
36081010200,4.844160056228763,1.0632689196072547,1.730483696349444,1.0853385800972313,0.05192114258363219,4.349476894805774e-07
36081010300,4.954920324928004,1.2080005117379535,1.7316003526485844,1.0064601602195644,0.02195063134603846,0.03275595235463122
36081010400,4.17507013885715,1.0111301109430997,1.0739295771323771,1.0638396223509854,0.09939840485151817,3.293519201168903e-22
36081010500,3.9190008855388463,1.560692086999774,1.4595302494937972,1.1092724591649912,0.009152804920301563,0.3733729791309057
36081010600,3.7393281377717376,1.0766360590136805,1.192112053488394,1.0179140895653234,0.0863900591547349,3.843088586899978e-17
36081010701,4.547753227497884,1.6396166685365667,1.236087157792193,1.049271476501378,0.002780950323769456,0.7868053504763838
36081010800,4.838517706448281,1.1945398252616695,1.3772317668961946,1.0379004575997648,0.06016402325312266,4.725908709241865e-09
36081011000,4.641838519456456,1.1022901522132358,1.1646443841334602,1.1441927582902491,0.07625301051057037,1.1126725390909008e-13
36081011100,4.625445717421581,1.1706529007460844,1.3521663298113893,1.0097648292479846,0.024764204508534473,0.016004731502119923
36081011200,4.926526521612163,1.2076242303362736,1.8494468460520475,1.0802938556233435,0.02786962024648485,0.0067084381177819246
36081011300,4.819229026007827,1.2772419076069923,1.4419343837164325,1.254962214896434,0.03615434898080381,0.00043590398506396867
36081011400,4.973560635635954,1.2957205911638057,1.441441531442235,1.29243424551807,0.040482191524380554,8.192335616049375e-05
36081011500,4.83952562606083,1.0643424628890763,1.6505342714470679,1.152919062106033,0.0797850960089832,7.73317768416365e-15
36081011600,4.622925946847301,2.0658686836750233,1.1676189717906347,1.0054870135083753,0.06297954553747492,8.724546437472556e-10
36081011700,4.83066229079405,1.1453266113068696,1.4926483085004534,1.1307270753993777,0.04596146228186042,7.736932627302109e-06
36081011800,4.552591093055999,1.5947519638080134,1.4764359142267776,1.0466264858272964,0.05010273928207908,1.0837107049200596e-06
36081011900,3.9759162564386625,1.0824237769676959,1.007883803537669,1.2053948281529556,0.031513529578786406,0.0021723082277850273
36081012000,4.761920186544297,1.5573027206940644,1.0095764591061136,1.1531074848397829,0.05075129339669645,7.852797460665559e-07
36081012100,4.9901873876266265,1.7894178708226196,1.5290627978251372,1.130287710083607,0.021227316135877874,0.03895220603330451
36081012200,4.683158537302361,1.2028159447582034,1.1294332657048987,1.1303079770061508,0.06231064368204242,1.312126235460096e-09
36081012301,4.334093964035603,1.3387686078496408,1.0673948785265654,1.3505574041140065,0.03085560687602301,0.0026859028802330934
36081012400,4.784400171403146,1.1504752447095008,1.0851519791429975,1.0242212068476952,0.06238604260857415,1.2533971707311528e-09
36081012500,4.997140043754456,1.0141421139377296,1.655700725150922,1.008440420967112,0.07214832932872103,2.126451400274765e-12
36081012601,4.317460828118701,1.3546482985767732,1.1560911907529974,1.2699769081968513,0.06320497311044322,7.596332697090294e-10
36081012602,4.934456424498862,1.5677073575047007,1.3071470200919748,1.0361948274732509,0.07372184984057052,6.992798345914279e-13
36081012800,4.118865921155162,1.4644670884506543,1.1013163685766045,1.108492084184558,0.060667972132425176,3.511679708297062e-09
36081013000,4.757766101709123,1.0994067139661396,1.8761113650320258,1.197983656102025,0.022570662295375448,0.028135967514151705
36081013200,4.5581944119550215,1.4857923385254104,1.060407039817477,1.1302583212376263,0.042151042117163355,4.109871091790276e-05
36081013400,4.379580848313488,1.5707427409255317,1.4523323899219776,1.0826183644453735,0.07624574287446856,1.1186575206906605e-13
36081013500,4.092825365546131,1.1821979985766227,1.209459478093315,1.0242308797902027,0.018120667221229972,0.07799043998014223
36081013600,4.703944032770032,1.2404721604782438,1.2820326873848273,1.3162493582996042,0.0671725635652547,6.141894745900835e-11
36081013700,4.7285946780511185,1.0016017375507147,1.1746324785443925,1.2167694305651509,0.037726655332650724,0.0002421658466056857
36081013800,4.549756292442922,1.366829333115381,1.7562392494337666,1.01356084960835,0.07821621196288349,2.5648793839750524e-14
36081014000,4.847191445291429,1.193528419437424,1.1030349866136255,1.2191074989286736,0.09969236369583133,2.4830849072456295e-22
36081014100,4.3380985121142,1.457015661880149,1.1644852545459923,1.2317985528703446,0.015491844113917042,0.13187553943773397
36081014201,4.484547005192461,1.3336420187750966,1.9661790026313142,1.0078545220407307,0.07832622597061252,2.3598494757741054e-14
36081014202,4.7270545185185355,1.1491379657378218,1.4241791669670611,1.0511806546482703,0.12288156858959037,3.714835431117336e-33
36081014300,4.865017216893513,1.4086164295320978,1.8960882667970953,1.0090951901743601,0.02024045895782934,0.04898940708543622
36081014400,4.997330147187775,1.1207540614278173,1.3365215957296144,1.3186278000786302,0.0760848883213852,1.2595240967567537e-13
36081014500,4.722339177271325,1.8505119465778606,1.0513281682873596,1.0534817659129736,0.04223654968258952,3.964449740170678e-05
36081014700,4.919777406804968,1.432131954863813,1.756164760300564,1.1175053296574937,0.03404736541946731,0.0009255520960696328
36081014800,4.9030769627064785,1.0989324192715593,1.449991618827486,1.3775160721399864,0.06876071980706278,2.1532344928866137e-11
36081014900,4.8403587154880325,1.5207409753164667,1.3517475162300165,1.0098379964847766,0.03985634172490004,0.00010542174921361356
36081015000,4.741915656206025,1.2602881548293619,1.1981937698658243,1.1847100194268254,0.08105834403078922,2.87280942183167e-15
36081015100,4.133675992936482,1.6967639160475887,1.1169521627638028,1.0059211135905812,0.03741196562352025,0.0002728836667626453
36081015200,4.865416252165769,1.0669916619632271,1.1859394239726981,1.350546450081524,0.09769002850670988,1.6726259741410724e-21
36081015300,4.708639228099731,2.126251029700338,1.0180387725007556,1.2683848215203604,0.0352564243469419,0.0006037515277903764
36081015400,4.997225474907729,1.1019330032976917,1.9146672710987556,1.1584538405320224,0.05167514096274273,4.930020949678527e-07
36081015500,4.233873714187666,1.501097034754931,1.1816782841570377,1.387526789887394,0.04014138563382668,9.402404729886434e-05
36081015600,4.874425724136103,1.080752358364105,1.404145230611551,1.2787802425648565,0.0880588004969913,9.420296932752699e-18
36081015700,4.970022900015767,1.4076932435231981,1.3475662993957833,1.0530380067606089,0.03645271860877187,0.00039056085087718016
36081015801,4.537877621011081,1.1525434718755996,1.30515081169505,1.3602158574373524,0.08013669538112272,5.892108664323473e-15
36081015802,3.9828214608872443,1.062113804906236,1.2723323228951298,1.021208142733041,0.1179680099170969,1.13228269596575e-30
36081015900,4.530313255751132,2.137374124063033,1.039891216455814,1.0320651504803138,0.040010726676160305,9.909600272332802e-05
36081016100,4.834224217862921,1.4641551584842727,1.1561309964680682,1.2327173596649743,0.04747093217554255,3.848863013902213e-06
36081016300,4.554298155719778,2.1759515434339347,1.0570528006849322,1.1790844249783063,0.06726671812679116,5.775665496868624e-11
36081016400,4.828063390160054,1.2183847978759008,1.3789479192507246,1.0744227752808833,0.1501562670646263,7.83751220747689e-49
36081016600,4.722382762726557,1.670634005783267,1.1910121060472185,1.098547112261187,0.04829483875561445,2.6061017566662947e-06
36081016800,3.9664106091457505,1.6595764476639534,1.134886693261599,1.0814891212542364,0.025682145431297394,0.012485235844921765
36081016900,4.892724642215445,1.3193255686844738,1.0614840343202872,1.056818054732421,0.07396023576247038,5.896450477699436e-13
36081017000,4.415699880431493,1.0261288889541795,2.0265291927058207,1.0301695447000898,0.05678639943100136,3.253612236328336e-08
36081017100,4.453363862083897,1.067670460642851,1.3243231185874649,1.1661482626662938,0.020146314900589053,0.050051325135052234
36081017200,4.57082642493415,1.5934267361168217,1.226383784563339,1.050327231185122,0.03599492813390558,0.00046210042483101006
36081017400,4.441767680681576,1.5855453540364448,1.0642684347138278,1.155249874037514,0.06798586982302904,3.601403821493889e-11
36081017600,4.874517586343163,1.1539786000017607,1.0439475677998864,1.4046322488551581,0.08109248963384931,2.7969305716924957e-15
36081017800,4.7524715306169725,1.4687774761683556,1.3320058119812215,1.116611266225207,0.057653122815658306,2.0033486658639434e-08
36081017900,4.758088250570948,1.8698051188577915,1.317590066382954,1.0520278464581043,0.025755772137723697,0.012235153348482436
36081018000,4.983983800357198,1.0633504333936976,1.255984299714786,1.306457659774226,0.06232577574210258,1.3001285659863044e-09
36081018101,4.245797153786802,1.4997824450443247,1.5781515977907397,1.1818611917167026,0.023398728044805143,0.022848963015468
36081018102,3.9536449625698715,1.0642235421110415,1.5487031529880255,1.157450124410797,0.023768752872451376,0.02078030794616648
36081018200,4.017832293118691,1.5936898797233,1.1774966662032984,1.033826933267946,0.045586893128228945,9.170921980168922e-06
36081018300,4.929710682473697,1.4727332391119674,1.0796727664048973,1.2858474031206533,0.03756162477805457,0.000257845850325786
36081018401,4.9814989662765505,1.46846465130524,1.1864098969994963,1.209229562179636,0.03147821909630039,0.0021974058707340707
36081018402,4.802655862859748,1.137967084908265,1.217539174453563,1.1370026012427146,0.05459833784991269,1.0729458146468147e-07
36081018501,4.669989572474261,1.1766856201780485,1.066001418341358,1.0044124538400219,0.030338182472307372,0.0031652779411846946
36081018502,4.073568598496742,1.0754165049160491,1.2186013747080136,1.092346241486144,0.022179437622771112,0.03098053995517736
36081018600,4.737154172822702,1.206906216855602,1.5602362860715537,1.1620993266274589,0.11684637905782833,4.041803310747607e-30
36081018700,4.272893661295878,1.3332627505238792,1.0890699011701876,1.2140272202378064,0.037538070246874736,0.00026015994074755135
36081018800,4.872770945772004,1.1929331787556805,1.5028061227280531,1.618045332854411,0.02831752518295659,0.00587696476400221
36081018900,4.217485280701459,1.0996608731372675,1.0537789431820572,1.1093569986554006,0.019989291823559605,0.05186540502816903
36081019000,4.854928134041009,1.1244355419697227,1.1630550508494881,1.5951416253885125,0.041231659369530944,6.028729320394699e-05
36081019200,4.995635006386351,1.3119577208326951,1.7946690191009331,1.2884213117643357,0.04013804218290253,9.415072101986042e-05
36081019400,3.6787449479639527,1.0220350614051092,1.310837492985769,1.0053847395547688,0.06635256545820573,1.0454633030067717e-10
36081019600,4.566784663105619,1.0298654629297062,1.1955391819971872,1.433943801183331,0.06212066447911979,1.4722495303428562e-09
36081019800,4.587306519120059,1.2377443619369695,1.0304740086737736,1.3428318409038411,0.08717215272810055,1.9949882307538433e-17
36081019900,3.7321664138249955,1.2944043165234387,1.3720825709462718,1.019305297850578,0.026501558240337293,0.009941512933100112
36081020200,4.4158570548935465,1.2191636133581056,1.3094193557550433,1.3604753854696519,0.06612754147539923,1.2084321608320076e-10
36081020400,4.724312368309292,1.4823929062056973,1.1094201387716929,1.4762108166154446,0.07229098669409804,1.924350281109393e-12
36081020500,4.355073048707272,1.28741805224886,1.1113066425009315,1.1344012606952696,0.006102611678608579,0.552837265743241
36081020600,4.645121461735769,1.0711284594683192,1.2374447088383533,1.213242735544426,0.08640241677321754,3.8036542704280047e-17
36081020800,4.8810584791918075,1.2847282093021555,1.2074409065501932,1.5462964263102172,0.08862113527639275,5.830342198860509e-18
36081021200,4.446009274468604,1.818057880891317,1.0085474552657443,1.0131174046384226,0.08114282174047309,2.6886666354390806e-15
36081021400,4.6225060860157825,1.3473125251258793,1.0222702129240684,1.2444575044810584,0.12707423007219096,2.3380198273651983e-35
36081021600,4.622016295769164,1.1990355661297851,1.0173784791629554,1.170775922764196,0.08785660065373241,1.1185818769474598e-17
36081021900,4.691034261699002,1.6520918629885788,1.138702237630966,1.1175607164893044,0.02948035223492678,0.004134287147936075
36081022001,4.99809540920079,1.1061641855928475,2.264811378676759,1.1925757251109195,0.18119709093556768,1.2162394015082089e-70
36081022002,4.529674743665682,1.0284368254356444,1.0723079669538347,1.0397614089335825,0.2151453863262458,1.7187004244512226e-99
36081022900,4.99915584022078,1.4834379581953492,1.0296558618522624,1.6540331701526831,0.005177673483057315,0.6145726613629166
36081023000,4.954234968769072,1.4075583436626644,1.2694506836056743,1.1129816543243152,0.029314533928186056,0.00435008271817434
36081023200,4.579936616784824,1.1901242865887713,1.0200981166608836,1.3460957308511035,0.1035110660693062,5.8682487862737485e-24
36081023500,4.941014524108844,1.2857375287004444,1.236044410858872,1.0486743792906843,0.053712730601128626,1.7172857635244375e-07
36081023600,4.210295141684343,1.5488045100193677,1.0454108701645453,1.0433264036707852,0.09517759117532401,1.734263007820929e-20
36081023800,4.952651493362254,1.1393556158603744,1.5963418619777379,1.048370653194528,0.07776690918068614,3.60015428715899e-14
36081024000,4.6107368491652245,1.06088528722697,1.2835405895508423,1.3403463517971268,0.09924870755899491,3.8018022302677912e-22
36081024300,4.215640917290706,2.129347476179351,1.0018618919036228,1.017455798759726,0.014256446050066098,0.1655703117257377
36081024500,4.68758387689995,1.1512315244777815,1.4768769733773897,1.0356171307894018,0.05342901122632677,1.9934963702595823e-07
36081024600,4.514501072897069,1.0479426099366016,1.3549049409317915,1.1194434677270344,0.11906146067748608,3.236438559158457e-31
36081024700,4.942950094057389,1.4711372878431916,1.0068581798281038,1.4527080246649737,0.011507312018417464,0.2630639485268869
36081024900,4.234012988948496,1.3627243791242964,1.6196224726170776,1.0124453288426274,0.02321673428264634,0.023930471907364078
36081025100,4.893565220244351,1.8242278219066357,1.1252286747240916,1.169240953052931,0.07868227884628333,1.8006933306498277e-14
36081025301,4.781762157697066,1.9554961639961177,1.0244308600489398,1.1413077111592673,0.04402341927233241,1.8392120663059384e-05
36081025302,4.916495117342537,1.4194326865306301,1.067142680319975,1.0610964506836567,0.06442615610720792,3.558200305640083e-10
36081025400,4.499225009810466,1.1595041511157826,1.3313385966678055,1.1167841841337147,0.09649165788131848,5.142355622875608e-21
36081025500,4.094587226453484,1.6259988204886096,1.0413439726854996,1.2451987603606043,0.03785109014178852,0.00023093927860614246
36081025700,4.218661891100112,1.5859154788965366,1.2049186793906443,1.0542080640945102,0.0679585374811432,3.6669641333366467e-11
36081025800,3.9887494542107653,1.267491328739494,1.3382862038123555,1.0281239946994685,0.036177746853836686,0.000432177949870248
36081025900,3.834853780601712,1.4731298895569607,1.0788546699003803,1.173397839748084,0.05412817063280226,1.3785238718729837e-07
36081026000,4.064378430236317,1.1220279804399804,1.4859357014150292,1.1050591119218787,0.016648186461082813,0.10539808982058839
36081026100,4.16489596806732,1.0767918268475931,1.5080129368838247,1.0805009962362,0.03310108020554962,0.0012813607797780766
36081026200,4.556154477563354,1.1144943075662326,1.5293568596274376,1.0530892784811492,0.06617213367810067,1.1742790934984692e-10
36081026300,4.831068662892278,1.6852896335595062,1.4558262386160727,1.178299403521148,0.026598045601538216,0.009674654311453618
36081026400,4.332913127298713,1.3796126358615162,1.2523926650395687,1.1862659425028355,0.040168737991289935,9.299377188598641e-05
36081026500,4.55087043134227,1.2174421293197852,1.7248817926126598,1.0954198470805672,0.03402346849245929,0.0009332780122276876
36081026600,4.732634147015178,1.1527542905473052,1.0488724840336703,1.0602361256449537,0.07078377291674226,5.473957701255997e-12
36081026700,4.442525338163485,1.5030218055977633,1.0998278502191212,1.2900022530713064,0.05598985657911766,5.049507516329026e-08
36081026901,4.964334402265774,1.039501528791444,2.0578545770940115,1.1938474208482406,0.05116355189798518,6.385982691219854e-07
36081026902,4.864358656729811,1.0800238364814447,1.2576919940664946,1.3541066309381273,0.07578936329483223,1.565175734172388e-13
36081027000,4.589236154315499,1.440246356424442,1.183938142431586,1.195254981074953,0.0367687129175905,0.0003473687485682464
36081027100,4.739546044207337,1.059442423877945,1.0840803915980999,1.166744689105279,0.07040919761684705,7.074432075761009e-12
36081027200,4.762348387820335,1.3780799015664391,1.197408788857647,1.4559632456187366,0.03419695816122804,0.0008785193347427626
36081027300,4.364201152117692,1.115964672368456,1.0303454545408082,1.0094125369452023,0.0619229191446188,1.6591124642648997e-09
36081027400,4.41782626836962,1.6810270683339388,1.0096788900893898,1.4874315278846435,0.066258208092512,1.1110021131517933e-10
36081027500,4.2360327183058715,1.3735402028064225,1.1597417772198462,1.3122161660729539,0.060078564451231865,4.968827300796352e-09
36081027600,3.9382483862760544,1.1425969227465522,1.2266414864247697,1.1092172767368622,0.06854778862325615,2.4815401735688345e-11
36081027700,3.7311820821475834,1.0653046744200996,1.4598413616134245,1.02621410073748,0.030521880440609696,0.0029868147604485704
36081027800,4.297268393621714,1.112766339984617,1.5510367452462894,1.2293507385300275,0.07244198620664573,1.7309547219458203e-12
36081027900,4.658522077908437,1.2382847792253457,1.1569352503721824,1.2510046107991712,0.05889579134988709,9.874176690608846e-09
36081028000,4.7912341074140485,1.1027307307653906,1.0212428714908164,1.3454520400237335,0.04946470853278939,1.4821466744393567e-06
36081028100,4.941737497326724,1.616351099876809,1.7653090095599566,1.2330573609267503,0.03890328870174713,0.0001537301572941591
36081028200,4.998670843939362,1.563728768122747,1.2006163547518405,1.0559609916090003,0.136924242935226,7.957383187801995e-41
36081028300,4.32191213249056,1.0257372033741579,1.2277745573595347,1.3155876778400497,0.061244400945921595,2.4930651210085285e-09
36081028400,4.924831400282475,1.325517687766073,1.6924461348146913,1.4403273309678504,0.058290756519580364,1.395976691383336e-08
36081028500,4.811339558392845,1.597865042944921,1.085298164930407,1.2326704621478441,0.04132566182074285,5.799162937903447e-05
36081028700,4.050315926494463,1.157352852764932,1.1837370962227514,1.089044794981767,0.05759394030872681,2.0712572856207413e-08
36081028800,4.465002139062307,1.1047705565427712,1.4653269539906937,1.1002130233474112,0.039524956628242194,0.00012030925903395726
36081028900,4.191447907465935,1.0634296877267087,1.2199139562417791,1.1501012585395536,0.055259534306974445,7.516505034199328e-08
36081029100,4.470951576660883,1.094789607569183,1.5197720219022983,1.0008990312330504,0.062260685243743556,1.3525076775907675e-09
36081029300,4.69621993941627,1.1982592315262575,1.1167206637855234,1.0201667340016982,0.026405725470432233,0.01021303093596264
36081029400,4.997185563432705,1.5665809266922448,1.0104926794156626,1.4097277287335075,0.08552788327988324,7.863875961375729e-17
36081029500,4.856180903956867,1.099307446916848,1.271925833704761,1.06382135663027,0.07654874117644189,8.940896795869574e-14
36081029700,4.7898056081352465,1.3307273399619568,1.0097064133584972,1.116231874056382,0.05824918997185591,1.4294037790528465e-08
36081029900,4.129351012966659,1.2613300858475096,1.2772293843970264,1.0536501310776916,0.016101696641243942,0.11733243556447395
36081030600,4.65861330426852,1.205928739386644,1.3671433955347982,1.2890074945705403,0.06235822173745678,1.2747626039708303e-09
36081030902,4.443853374604885,1.5054212859693124,1.47669950832233,1.0054012375408377,0.08880672537968895,4.9732027335097815e-18
36081030903,4.934599103080663,1.2168057636192362,1.2767123716107056,1.1475640667229356,0.09224760579256491,2.4566295561731886e-19
36081030904,3.581433035918141,1.0287972134455385,1.2665010850620728,1.1268119246826132,0.044142049636527896,1.745984086470495e-05
36081031700,4.709869114086967,1.2173914849040948,1.2134571066208277,1.0073190552084377,0.03777784928023044,0.00023748650108367197
36081032000,4.754051827861591,1.154090931400905,1.3664949369724226,1.0753124775008658,0.1964855162654624,5.630586731211937e-83
36081032700,4.257957905478372,1.1942766859167904,1.128193429481012,1.2787674799211888,0.05985727243349037,5.655685910739861e-09
36081032800,4.837315317953539,1.0558846425269728,1.0332930478905968,1.093791102473297,0.09948053673110331,3.0438492005270614e-22
36081032900,3.442085999648352,1.217771530153744,1.0886203979027762,1.0168995339101752,0.03131073324657038,0.0023201085610183607
36081033000,4.713488363324348,1.3243550280046428,1.2067485186781823,1.5385630854842312,0.04063844229399668,7.688188038439329e-05
36081033100,4.314497733055177,1.3825310835304325,1.231499799212636,1.0116227921074366,0.012957187667605546,0.20759655537385172
36081033401,4.532603244231527,1.0044900205783804,2.223010070531545,1.0237940610471057,0.08234112966975868,1.0429521176779299e-15
36081033402,4.747129198600774,1.1029351812837191,1.04595981792398,1.4712501464764927,0.11007751893213517,6.733422073405288e-27
36081033700,4.22280283112153,1.648966224985785,1.083763329783464,1.0793632388170096,0.034475001602833524,0.0007969354647219813
36081033900,4.695869261114996,1.1776253855328136,1.294575144329304,1.0996618311528117,0.05673668769287167,3.344672188101346e-08
36081034700,4.8862188947613845,1.0495047543111973,1.100247755290301,1.0747253554584137,0.028142830581977075,0.006189530293095663
36081035100,4.107503153587615,1.019543862108307,1.141628789679432,1.11566015474979,0.0605745935425796,3.710991642838788e-09
36081035200,4.974329702683207,1.6316535615402368,1.1967853791989356,1.251498103135999,0.07107931038220304,4.466939379040211e-12
36081035300,4.819762785542949,1.6400534727442577,1.0163365756552771,1.2392845971815332,0.022965722904381425,0.0254947980422397
36081035700,4.519380265803395,1.3140160220940489,1.2204718749694017,1.0660870705852439,0.020758342456152934,0.043480318905800334
36081035800,2.9946801267118026,1.2943927936775097,1.299477548090131,1.1711051234465266,0.03734826083081666,0.0002795308795306087
36081036100,3.9576856604181168,1.1939988325153,1.2949769780532927,1.018610708581165,0.015102841576199288,0.1418577693666143
36081036300,4.873775531355406,1.731428047686786,1.4764391901631022,1.0963145551989548,0.011968567742760715,0.2444067524438502
36081036500,4.181892757504585,1.0706667668691026,1.4167971372196968,1.147169869853645,0.018184807214025624,0.076942885381762
36081036600,4.780701290328864,1.549354464709328,1.0565989810497811,1.2985623210933213,0.10628111387771018,3.5507481198792296e-25
36081036700,4.0520803573799675,1.0043825080301403,1.8729520201679168,1.0609315746731411,0.019947126930492262,0.05236179666721128
36081036800,4.279794807670835,1.2548210061532874,1.1721470866139647,1.2374996682917017,0.056927006596989474,3.008881014572122e-08
36081037100,4.344037523367614,1.0604457354403714,1.285293106868206,1.273086291392417,0.03140380289954779,0.002251171002921987
36081037300,4.527029143464672,1.1176739486629628,1.529265825172871,1.1643823547192333,0.03129185762257075,0.0023343235508923054
36081037500,4.379047169679843,1.330218952702456,1.2701299189525024,1.0750105035140791,0.04445384129947999,1.5219418636943331e-05
36081037600,4.565705792634365,1.3699302448901767,1.5200952067135445,1.0867292349935198,0.0632254296007844,7.501298354583257e-10
36081037700,3.7575019181114016,1.1555693919120191,1.1838834911276201,1.2872097348921963,0.018769584050926227,0.06791154213288261
36081037900,4.745229814908914,1.0991528250138192,1.1462864399758033,1.3045434191488283,0.028227117890510075,0.0060369007417536156
36081038100,4.923649877206699,1.1827797971740424,1.6957562494482055,1.153413538417455,0.045549719027244,9.326340558108114e-06
36081038302,4.995731902244522,1.10808542618675,1.9184467739985496,1.0678837164756274,0.0482105939287599,2.71288114298482e-06
36081038400,4.243817362082357,1.2819175991066487,1.238959095504951,1.0172596945079917,0.05855529557236401,1.2003582124827024e-08
36081039400,4.889597092458491,1.6266003942172809,1.4623450563488092,1.0507004659822847,0.1458719049998489,3.715874407455242e-46
36081039800,3.569706029034254,1.318323491552837,1.0228163997545288,1.0587732221875292,0.04620108294866853,6.934842887216924e-06
36081039900,4.836132306126162,1.5422603500563294,1.0875758441215542,1.107367875804993,0.014279048388328462,0.16490054828414621
36081040000,4.958920449281775,1.6143154717084016,1.2013920422600215,1.0326512427488588,0.05202616338854259,4.1222484452754077e-07
36081040100,3.8770363261228376,1.8558524211723295,1.0113514863647564,1.0083194266893756,0.03101592345389788,0.0025514340957278484
36081040200,4.802431720611594,1.171644415667842,1.0509321320349674,1.1291199544039117,0.0901539900453662,1.5524881223093877e-18
36081040300,3.7430637107642255,1.1886020768661396,1.061130896573431,1.0433637073769706,0.03694100641472104,0.00032574298238277854
36081040400,4.936709966402091,2.5954156107321875,1.225884134590757,1.1302012488515079,0.0418978130262585,4.570800110487184e-05
36081040500,4.286801752519203,2.092223752755614,1.0583279210823455,1.075366687955544,0.026978161390379007,0.00868441414682554
36081040700,3.9454502086196825,1.045838762449339,1.0475565173685801,1.0661709943486741,0.049581934863375296,1.3996832971933958e-06
36081040900,4.655881006349322,1.3023038419122406,1.4144233229017118,1.0107167400007455,0.055739655894347165,5.790007537085101e-08
36081041100,3.907559983751381,2.0098982580546734,1.1550316092775645,1.0189154450873694,0.005411416035553354,0.5986866289117653
36081041300,4.559412068207372,1.7348267323992346,1.028867593413711,1.236803004487804,0.010643856148139758,0.3005775569727684
36081041400,4.670303687330247,1.208682558009924,1.2310996020480571,1.269469409607293,0.07182367385829441,2.667152378411383e-12
36081041500,4.783154613792732,1.0513842361102057,1.1737255822845576,1.4323793480831135,0.0146616371856483,0.1538707884200091
36081042400,4.545946047324545,1.3055844435131922,1.1098728824009676,1.2637527001150133,0.04522499142814692,1.0795201249248507e-05
36081042600,4.7161564163906355,1.9256016538642164,1.3101770687176675,1.0616747075008313,0.0045713363808556375,0.6566183742879567
36081042700,4.850885576635401,1.2547423590930924,1.4174090690963048,1.1518386469249817,0.024147259959354184,0.018835038391840694
36081043200,3.950749480106211,1.418043686836055,1.0234246278704475,1.0642671045292342,0.03475964088017891,0.0007207433220103516
36081043400,4.454924932557736,1.1854463716310732,1.786100442166628,1.016867347079307,0.049635925519844255,1.363204317985026e-06
36081043701,4.646575605182373,1.1535448891635802,1.195294464324478,1.1916314165790318,0.03210011201041,0.0017920317645710336
36081043702,4.389113827090515,1.2568232942192488,1.188033284704722,1.2340040650716197,0.02091579588625037,0.04191284439496688
36081043900,4.420223583446621,1.0181000171328058,1.3642685517561368,1.1688230098705041,0.019682683026811015,0.05556635466326901
36081044000,4.609095248014603,1.0249807354545801,1.6398242092424782,1.120658866994404,0.05379069280327645,1.6481138637840864e-07
36081044301,3.419896977275375,1.1463564955096235,1.0901228130154266,1.2430422662253662,0.010518367385858703,0.30631246858523553
36081044302,4.103169761336577,1.5762873713666288,1.0119521642626808,1.165174574771676,0.017562794325668124,0.08759958390741585
36081044400,4.266113315003434,1.410838359636415,1.0776769717095325,1.2985247745498936,0.08131936223717495,2.340555285996833e-15
36081044601,4.875620823740952,1.0351396369520565,1.2682382105721723,1.0667510335944748,0.273778494811475,2.7799322237204724e-162
36081044602,4.927437250529572,1.2766026130028933,1.7685071464016278,1.3873578474014714,0.21958555315507275,1.161302722432588e-103
36081044800,4.808109880306045,1.361048189483821,1.038952321724068,1.1061870609750564,0.055779752904901315,5.6646342017083906e-08
36081045000,4.964289725684678,1.0047146221557703,1.25731567125926,1.3077930114920897,0.032021966460602576,0.0018388917440401303
36081045200,4.1469010149941745,1.4081034784703625,1.526211992967447,1.0226020369155577,0.024125080672082574,0.018944468959742645
36081045400,4.1350534329839626,1.7312056972023981,1.1606051361989658,1.025307746246476,0.04856260171397837,2.2928423173982854e-06
36081045500,4.735978548322475,1.372991599033961,1.1004864450316703,1.2214138136202735,0.023316049793190866,0.02333490563767955
36081045600,4.820612781434917,2.1331193518963083,1.0380415688064133,1.038959688373943,0.03509980481541264,0.0006385761691519998
36081045700,4.888417922327674,1.7660192088511408,1.118605665449363,1.3694632812296743,0.03632480604078557,0.0004094315432281701
36081045800,4.72797062551885,1.4202837882334343,1.5810342225327931,1.0301320980039854,0.05612011866913105,4.7011924784101615e-08
36081045900,4.360345883979992,1.4106539876372217,1.342077285451385,1.1324227392025747,0.04231009009121722,3.8432990745214006e-05
36081046000,3.9422793241128,1.0361588278012035,1.3639217841423847,1.2941581245150449,0.07751481401060856,4.350894008823211e-14
36081046100,4.9707106870975934,1.6173085670084526,1.294067007230705,1.172427599313691,0.03269974802122804,0.0014673787570737241
36081046200,4.480785685940095,1.4499010649431803,1.2576963278750597,1.263140428330935,0.06143766031145549,2.22100828135429e-09
36081046300,4.779796132316719,1.5200048388721106,1.6477869352060832,1.0001968470190903,0.037299934972380384,0.0002846742608539413
36081046400,4.459119876288295,1.0423193920891878,1.5122635596711174,1.1476430551916046,0.03888615189692371,0.00015476483055375606
36081046500,3.812557005129161,1.5183779234871633,1.0725882706785295,1.244706126418898,0.0171480396367094,0.09534508444194238
36081046600,4.871290432699503,1.924336373807038,1.3086714514484257,1.1726027093361608,0.04723132237429661,4.30598846666478e-06
36081046700,4.881926755704935,1.8114857232295853,1.154036451939934,1.3189857414325452,0.03405928813970446,0.0009217196555899409
36081046800,4.903606214166045,1.4874265341654853,1.236666138554329,1.1223117775701779,0.08449241794694243,1.840859423250786e-16
36081046900,4.981395356559137,1.4350412659432257,1.4444092961969706,1.076038000766566,0.03728538376293526,0.0002862402467461504
36081047000,4.8042789453940244,1.2825770172413744,1.065913912600248,1.0941279279334175,0.06555427240518961,1.7440854445255608e-10
36081047100,4.680368678417231,1.6174917487795142,1.1011169020326168,1.0386615580913485,0.04978288010367707,1.268485466887951e-06
36081047200,4.4595353314945,1.8060456664190698,1.110947714566894,1.13977906066048,0.055849103854267085,5.453973483023079e-08
36081047300,4.378928078201934,1.0992402507341605,1.87353424313274,1.1572053921018686,0.026542113914774713,0.009828558047258571
36081047500,3.246398173687446,1.0982834994142614,1.0256458574182084,1.0523918283396085,0.055869177545384556,5.394427712768143e-08
36081047600,4.665272412734041,1.0680749710458208,1.803148747366138,1.145101194644603,0.13022534698381588,4.6234934810315465e-37
36081047800,4.339280401260284,1.0661016724719419,1.0865576160592143,1.0760278046180525,0.1284846203046972,4.087786827579461e-36
36081047900,4.244445805592874,1.3513149684628276,1.5437089894223792,1.0424306462832682,0.026283615935657145,0.01056855003039111
36081048000,4.432492975425239,1.532431786543171,1.174500948639654,1.1506957690126853,0.0609561609041566,2.9600512629664204e-09
36081048100,4.301328504615531,1.1330334330972143,1.0218763143219292,1.145107612255586,0.05630823999669947,4.238953674254333e-08
36081048200,4.546783768174298,1.9362400762948992,1.1968306735810987,1.029189686939226,0.0954090511344415,1.401666607930075e-20
36081048300,3.90049902049752,1.1593295013467646,1.086362126933409,1.025830019629062,0.04122379802730437,6.048312682102508e-05
36081048400,4.7009701078989785,1.1450574135960565,1.4457487842401822,1.0706749107904763,0.10694043163706195,1.8013988711332938e-25
36081048500,4.869559272161611,1.1322093371848183,1.13715148808113,1.3431133762961185,0.05100674629348502,6.909756765339886e-07
36081048900,4.916058054443711,1.614521655187648,1.2486685432579803,1.28821376779376,0.01825012417241158,0.07588792119577446
36081049200,4.937367233149679,1.4712907750461166,1.0480098494177363,1.4249806577674846,0.09364683676683447,6.998957038659138e-20
36081049301,4.768675398788982,1.9125459655212715,1.3326261621294293,1.1428762272468376,0.023015210094872465,0.025179569825950463
36081049302,4.802475060826016,1.9350630390633263,1.0475927921396284,1.153605573010573,0.03498439387809461,0.0006654237232227035
36081049500,4.572245517306861,1.2408013407953358,1.0062672546456015,1.1440759685112916,0.038805447107232056,0.0001597262806114671
36081049600,4.443436192863885,1.064691981263909,1.0983359575466576,1.1739555552632623,0.1387243247062571,7.182108034655689e-42
36081049700,4.746310191787224,1.4512628028009509,1.119140338411818,1.3602944948161877,0.021433777907677753,0.037089485034234274
36081049900,4.693367121161156,1.918200601178345,1.4135779006782698,1.011251988112619,0.027251594153054264,0.008029159285669519
36081050000,4.85818725923896,1.1950801337599792,1.1786302789998544,1.4266385388657454,0.07165214681053902,3.0050913234396874e-12
36081050201,4.649022549034759,1.1340306242037157,1.4763255413644116,1.1570787262659277,0.0724530415450556,1.7175693813594677e-12
36081050202,4.91506646565427,1.31573111652569,1.1206543860845173,1.269622347577311,0.062353364373647614,1.278529107376297e-09
36081050400,4.828919434310411,3.1555196911371572,1.3307628008675145,1.296722480697725,0.13446482977112945,2.0194296455739476e-39
36081050500,4.890150611430279,1.216401841318774,1.6398365576075413,1.152190041388205,0.019465246051952094,0.058322190524758365
36081050600,4.303814475595338,1.5580909713749218,1.1738720842329347,1.0890449220541427,0.02476394724169235,0.016005829199722002
36081050700,3.9174515425998564,1.1585780424840486,1.2918061603345912,1.038198607383567,0.023554632766285215,0.021956508081716578
36081050800,4.550092120793295,1.454062248075136,1.169687770027977,1.1221549529623012,0.036355238480244405,0.000404866236305046
36081051000,4.35240629863566,1.1737678672042415,1.110517738513641,1.674796726485489,0.057477951242007226,2.2108884282227456e-08
36081051100,4.803085236327471,1.1853649319863582,1.2146933380960716,1.2446529015559626,0.021391177363933478,0.03746749691326515
36081051200,4.396131396340692,1.2740791524575918,1.0067329253646164,1.2377409142773708,0.09002482056046077,1.737123732534268e-18
36081051300,3.866317797729514,1.6452807404154213,1.0341251582620288,1.0238731517317459,0.027059027800512645,0.008485818593386686
36081051500,4.584016267658537,1.2712828358165105,1.1119928931984617,1.0538330961928555,0.0424386404013796,3.6399195061498924e-05
36081051600,4.787248009632862,2.8210884153895215,1.354433676185419,1.2163229374900304,0.17728327287223536,1.1801086422399735e-67
36081051700,4.575698474509597,1.83407597150007,1.307136563315769,1.0521735539409356,0.033570264571710355,0.0010915899325940612
36081051800,4.388052046309351,1.0835998769220119,1.0172183132423918,1.170993100267541,0.09662587315768494,4.53766257826645e-21
36081052000,4.446925196429776,1.2595248206167984,1.5846900357147042,1.0758865430110873,0.03232967707313528,0.0016606469759387341
36081052100,4.52165846605897,1.5047623386298703,1.08665368823414,1.1394841573658958,0.02378974261370408,0.020668018620840434
36081052200,4.816208595509968,1.5575749183087195,1.3298394218265095,1.2257029772536931,0.047722739773937956,3.418726793189803e-06
36081052400,4.911664707789491,1.4903058084274294,1.309952200772731,1.1125635671110743,0.10474666932684962,1.694785883140326e-24
36081052500,4.102168425630568,1.9927523890728178,1.0203295466339846,1.0866696182697702,0.024621740702543023,0.01662281322588347
36081052600,4.052042349753394,1.0804514279485034,1.4492175344584066,1.2718680394085133,0.06960898141986882,1.2182450362216937e-11
36081052800,4.647049956615646,1.4704712146667527,1.1840270538421698,1.0587462661473772,0.11117350289071103,2.088166109036735e-27
36081053000,4.374498159421339,1.2432123180344874,1.4682718435334277,1.2294644249024493,0.040260146769433916,8.962750219164287e-05
36081053100,4.060418441147598,1.7996635873747735,1.1858451767838547,1.019106852164139,0.029151427949940318,0.004572258584932787
36081053200,4.908755350819206,1.9571646447521234,1.3078687203079582,1.0393082780556995,0.1693793402549965,7.833490758353276e-62
36081053401,4.613605467430059,1.133668465344253,1.1230471620920754,1.2370564190982754,0.06324528340092506,7.410173222716094e-10
36081053500,4.125171827990329,1.0955038726573072,1.257456093980731,1.0640076226371988,0.030274703184925884,0.003229172770057178
36081053601,3.921119776389304,1.309028981616006,1.0331022632665707,1.2324795525093553,0.059546991748253134,6.776340938254269e-09
36081053800,4.918725853984393,1.2385766957030775,1.9754166382534075,1.1385033260118238,0.08353243186111077,4.0133990650293705e-16
36081053900,4.997491194156434,2.129163579569868,1.0988486069568486,1.1109920308104062,0.03163189846160373,0.0020900795190310914
36081054000,4.804670036837539,1.5878728352301055,1.211079766556166,1.0509391096241298,0.15099840831706976,2.2843492572219712e-49
36081054200,4.924949462553812,1.5433379900220903,1.2193358543752257,1.058000686080221,0.14817596245086984,1.383515699902115e-47
36081054500,4.468081477728209,1.1799605340145192,1.0805172776801442,1.0334676858294607,0.04415797502883068,1.7338170346469592e-05
36081054700,4.6833357055119365,1.1275223573452298,1.0688753481716375,1.3317242507361087,0.03755429613515332,0.00025856376902387237
36081054800,4.695148895292463,1.1178163668982606,2.0702256713509675,1.075823973771171,0.06207046990103513,1.517640959257469e-09
36081054900,4.942090496121679,1.1785717732804706,1.2347479407288837,1.2685906582702344,0.04382284951017678,2.0077092973062393e-05
36081055100,4.038374506925386,1.0961585651607457,1.3048772788801095,1.095555133373832,0.05351600128903309,1.904539906014725e-07
36081055200,4.509286895745003,1.4686410370972371,1.192445026630633,1.2523719528425565,0.07258226788910883,1.5684420372920866e-12
36081055300,4.115429678027738,1.0419988337642803,1.0170610678722092,1.2224830014041537,0.05628949742619191,4.282953752957314e-08
36081055400,3.631302790750791,1.3782738187221177,1.2479700183477327,1.0060489679226094,0.058002830141718406,1.644071489341566e-08
36081055500,4.947031770158748,1.615226301570274,1.3018187314183294,1.2277450849659512,0.05002181296542866,1.1278480225813292e-06
36081055600,4.041487986850969,1.4391654586234806,1.3237387091203556,1.0522433800611077,0.09171130844335096,3.95532006696029e-19
36081055700,3.9353390557680132,1.9131872158115844,1.1902374170538077,1.046483001544157,0.03434156893818236,0.0008351678076719836
36081055800,4.9466848693536924,1.2900748107400872,1.1330754695444902,1.2593049501614146,0.10859974106589225,3.2047906574030657e-26
36081055900,4.728948417874939,1.5989781741343814,1.037386284762011,1.0376166148370274,0.06482259601200523,2.773318919633639e-10
36081056000,4.892028638301966,1.3098954759565968,1.1097567456623594,1.4196442656523338,0.05966540712774258,6.325264981204378e-09
36081056100,4.709610789100456,2.086104893161351,1.418843634564304,1.027109008546347,0.01201700235438348,0.2425029207368805
36081056200,4.8521565158056,1.218151589034417,1.0617384562093832,1.1251822576297315,0.08786531859477432,1.1103367886052121e-17
36081056400,4.7779963763972475,1.2848136970514759,1.1450767319676034,1.2374325253045093,0.06939040421017015,1.4117375298780736e-11
36081056500,4.931829995741126,1.531972091751502,1.4909564891609097,1.093924898480033,0.05502705764514495,8.522371991947382e-08
36081056600,4.973586444497364,1.6802508333425976,1.4041114145185398,1.0189479083309898,0.0835009827110061,4.116582391055704e-16
36081056700,4.941355949167037,1.2531403581521519,1.704103734924166,1.1497151641973964,0.03691396772517078,0.0003290513226228695
36081056800,4.979660406684195,1.18769682422692,1.31045373599596,1.3108769504478843,0.09674767673904967,4.050058626006312e-21
36081057700,4.681559473886178,1.4516147252454958,1.0315222622178624,1.2459460802369406,0.043227972399642794,2.598213934250316e-05
36081057900,3.9427404088320444,1.6691110474925739,1.0645228726626819,1.0495406947402408,0.03542600586385583,0.0005680424514383451
36081058000,4.489493756275788,1.2589174624021453,1.1039095515147412,1.115472787506274,0.13132146142254636,1.1541912302105472e-37
36081058100,4.6559124549605375,1.308668955804194,1.280835297010387,1.2353443642833426,0.03293624131039199,0.0013549602378505456
36081058200,4.1196105427890775,1.3099988784165966,1.3754330603317442,1.0102104372973386,0.11331960396888813,2.038837965044963e-28
36081058300,4.518079700595003,1.1081238572797787,1.0078291424799701,1.2799970694252287,0.04361912448051608,2.1938439758416292e-05
36081058500,4.397375055986476,1.2836258540996504,1.5491350462576028,1.0841730715459263,0.038586664790653605,0.0001739395965174998
36081058700,4.621899168927715,1.3473486247415192,1.0273090590621017,1.4363786373126288,0.021196952400448048,0.03923274258733739
36081058900,2.9749145137442214,1.1909934619766833,1.1430608981616264,1.0221906706946893,0.03423410057277946,0.00086718996111332
36081059000,4.6422081587087725,1.4045705212439685,1.0382813363828731,1.307169479387177,0.062290933011533066,1.3279160468856276e-09
36081059100,4.438188604051774,1.2759280149431986,1.1130921610817017,1.2670916106998433,0.03286542813679926,0.0013877592653950333
36081059200,4.805199761371334,1.6839477343717917,1.3263457898088724,1.2657100522779814,0.07366936740287373,7.259799355520925e-13
36081059300,3.643577079492802,1.069993171630525,1.1494530260975697,1.0325907233406468,0.04079156001377883,7.222710288085675e-05
36081059400,3.920715086921085,1.1271980539469695,1.3754642191161484,1.0068689217331972,0.07925861423499928,1.1593840682396579e-14
36081059500,4.896846314264124,1.2806737447614296,1.5118195577138245,1.3525973807027682,0.03014883645181203,0.0033593504682729084
36081059600,4.723679611488785,1.1785475740577613,1.1085528216955476,1.0749101495292714,0.09069569438973486,9.674021425268236e-19
36081059800,4.9592295148304295,1.121789410119799,1.32978569165833,1.1224336502973742,0.052581615983309855,3.0984905473416993e-07
36081059900,3.695441355084972,1.38343739517998,1.4084557765073162,1.1314509405287758,0.01270031569960001,0.2167498546219327
36081060000,4.91814955934975,1.0419964194542466,1.0850140103877912,1.6619082934391436,0.09268423888518053,1.663610727225142e-19
36081060100,3.9035285963069004,1.2320422740936827,1.1006333315596155,1.0527883575063548,0.038048245703426006,0.000214146594758204
36081060300,4.382744398801769,1.0317880944277142,1.27361694584188,1.144554894598258,0.050216239524329125,1.0245981274650575e-06
36081060600,4.646951025021995,1.5308958528477636,1.1598766379793846,1.1344755726638758,0.10079418899031474,8.550227564788308e-23
36081060701,4.23164824774269,1.8179266776772236,1.0887399989494355,1.1124307779352414,0.005766740704555092,0.5749011668100984
36081060800,4.625587825306781,1.2866578289282433,1.0669881988757215,1.302456634581258,0.07740918736953532,4.7094062963114806e-14
36081061000,4.859240476568781,2.107839203787244,1.4512482401237108,1.3518012749336599,0.06450544208862968,3.3856026012920213e-10
36081061200,4.942135447758567,1.18471011690507,2.719009337361416,1.0039973347239952,0.06641078525646003,1.0069264907645567e-10
36081061301,3.7519830679743036,1.054110709140284,1.0701310116281384,1.1371950739518795,0.05582844960360186,5.515906025775921e-08
36081061302,4.519539127548704,1.6305896479910018,1.1522615885759109,1.2532763638527016,0.008361482343749093,0.4160984268441636
36081061400,3.6622669629021147,1.3175235637442384,1.5543509036434369,1.0441158245936926,0.070387356368649,7.1807359149319256e-12
36081061601,4.642989286652369,1.1523844293288832,2.068714545191467,1.1244475334923987,0.13061576692932753,2.8241800872745858e-37
36081061602,4.493010772010084,1.5132861374821334,1.0524687194854483,1.2162206723639741,0.07887893402109324,1.5500610465669582e-14
36081061800,4.192927024580602,1.278416404702309,1.18095221010282,1.2801224560462998,0.10141049173779115,4.685667267522366e-23
36081061900,3.6901152756155025,1.8889246704367721,1.1104787558971783,1.0223498664791002,0.028130742577941695,0.006211702100024605
36081062000,3.6826344968229883,1.0528346749685085,1.1120550308130657,1.1207826919319785,0.08762415441705114,1.3621371928945964e-17
36081062100,4.646428571136225,1.7090856874135643,1.2326460505736634,1.0770473892425727,0.043046083848765744,2.809522646651742e-05
36081062200,4.833676331139731,1.0014596407195384,1.35042427299312,1.4026695028194744,0.09469832158426568,2.6907663723683117e-20
36081062300,4.367091439724813,1.6444433965779162,1.116913727365084,1.093381495706879,0.050724323953513055,7.959303612912493e-07
36081062500,4.682292868654365,2.0088170077039003,1.1470114059982954,1.0412346131152113,0.03702853768913113,0.0003152452576805355
36081062600,4.951375059241541,1.2128551639256102,1.2852738478244738,1.7456846292818646,0.051310398035733416,5.930316215732712e-07
36081062700,4.6131865220949635,1.6445118724988497,1.2729014493485877,1.052454746403724,0.040810881557058774,7.165903517829571e-05
36081062900,4.942782641318043,1.3307101584167254,1.0056502217975254,1.1498870454187404,0.06332937672106814,7.036027863062286e-10
36081063000,4.386122176469744,1.1185291775381785,1.0585582296861205,1.1458090829073484,0.06949339445418755,1.3170836911570446e-11
36081063200,4.982331637046336,1.064011413715214,1.119079341929158,1.1830358074336367,0.12151423085839365,1.8686362414709197e-32
36081063301,3.6637931685653555,1.897074539039588,1.0846273581294685,1.0005608888578124,0.043910739039319385,1.9321400966615864e-05
36081063302,4.655257530520924,1.4485123236859732,1.7477011303500696,1.221253067328437,0.06358328510982854,6.014714546545141e-10
36081063500,4.71534422541445,1.5955878030517674,1.0727392114565717,1.0168347838747156,0.06273621603307283,1.012571955546957e-09
36081063700,4.807420174943815,1.6514761693077735,1.8723098361360342,1.0269381939401327,0.09951514266794183,2.944347176109269e-22
36081063800,4.400568440920726,1.3061465908136272,1.3166327045574884,1.1115802722440282,0.10749791557338896,1.0115539426483674e-25
36081063900,4.51796992431683,2.818614780740531,1.3061588383279954,1.001134753474684,0.10038794886103514,1.26847575132906e-22
36081064101,4.609318850700975,1.3039117449686053,1.5071679650386782,1.1270762497810978,0.07370317991793814,7.086657101467945e-13
36081064102,4.51008283978325,1.8026191956391582,1.2135209680039054,1.1446462882347506,0.16319287188656542,1.8038568210059632e-57
36081064500,4.5794437028457935,2.0059087435323213,1.1322187470147984,1.1683021921189223,0.19871043396863505,7.349726131798524e-85
36081064600,4.700316502750574,1.0524566386811394,2.039265809657266,1.025329719983965,0.062275961583750684,1.3400329488007543e-09
36081065000,4.65267553435885,1.1056677574943414,2.015403928631004,1.1512146895253146,0.06096857707088259,2.9382869187915343e-09
36081065400,4.873468937653591,1.0013124019495656,1.4463916411252413,1.1724712166670788,0.08129921732213923,2.377917871622173e-15
36081065501,4.157117222145139,1.0149057713392793,1.3371437879841253,1.2052673365621338,0.009793408574007208,0.34085409740444944
36081065600,4.426397485884465,1.4882616548851644,1.5817269990820872,1.2426504932498084,0.0907086968804774,9.564479209420727e-19
36081065702,4.35898142818,1.0523363447239902,1.0015732389928882,1.0633013170436838,0.054775245187816866,9.758795029778177e-08
36081065703,4.996111513229362,1.6391567818074577,1.2668194384059248,1.208359917678262,0.03022137074538483,0.0032837602581928488
36081065900,4.158763336980382,1.4766899107408848,1.0931248330758265,1.1837342012410659,0.021594642825151326,0.035691207308710275
36081066000,4.306735292588912,1.249657148709069,1.4985537114263956,1.2613892604014865,0.06406603512677396,4.4564750413586107e-10
36081066100,4.763837239996356,1.3748514155028992,1.3564072707014105,1.2970863463372524,0.011394792833050194,0.2677605542570509
36081066300,4.750544545065478,1.1182499509378836,1.582334415360723,1.2833892356838739,0.02008177465568068,0.05079041372999777
36081066400,4.60189742142385,1.047563429025777,2.6615601943002565,1.0792745106134234,0.09262687849243353,1.751202499810348e-19
36081066501,4.190703052776929,1.6744323126142562,1.1734186134374127,1.0880099543026844,0.016085556043371252,0.11770041173310818
36081066701,4.218605831481109,1.7157104521126283,1.0180187285752047,1.2618209861573217,0.02451858609345996,0.017083338563705974
36081066900,4.680977958427292,1.248348695328735,1.0943957492799026,1.0777971557996082,0.02393283024981983,0.01991653777217449
36081067100,3.4475452860866396,1.4482810054725954,1.042234436655459,1.0879977557231464,0.012739738179408096,0.21532652978514738
36081067700,4.643259517096907,1.3741377853908752,1.039393258185136,1.0528101366030604,0.023492723064331065,0.022307205334524863
36081067900,4.6115213974320355,1.6373896020049612,1.0025753021484736,1.1160543298026333,0.036403447091085395,0.0003977314504123474
36081068000,4.148764215620264,1.1167544149903286,1.2681962076208908,1.15295139882193,0.09617315766824018,6.91494229971218e-21
36081068200,4.750626678834408,1.2281269321804125,1.5884757137399532,1.2349882236736534,0.04298373889050936,2.885638468574411e-05
36081068300,4.835855200112235,1.5383303171324823,1.1278078697907787,1.0516885550886137,0.031946575448908505,0.0018851643267329802
36081068700,4.252774213845702,1.2270672379426948,1.5149189931825262,1.041016819700232,0.05859184390782768,1.1755197850561432e-08
36081069000,4.941419382218424,1.0573693141679499,1.1150487067705583,1.5276837922956545,0.057736992494172475,1.910802113381498e-08
36081069300,3.4500828090821543,1.1899897062195102,1.1878553513372303,1.0496863063807638,0.050118355106381525,1.07538728899192e-06
36081069400,4.642762815362744,1.0575243363793287,1.4641140906415888,1.1128786161730355,0.11895078617005694,3.6757743993073927e-31
36081069500,4.767685271322009,1.3569322256089826,1.1990937773167385,1.3531109517563173,0.04421271132095632,1.6926113432321882e-05
36081069701,4.626610745152192,1.3467053787107828,1.3787374469152862,1.0663449524581843,0.05789456335908561,1.7480249618217232e-08
36081069702,4.943915932987416,1.203057700654278,1.8563924970748786,1.1496204839029198,0.04991488002145575,1.1888283714541372e-06
36081070300,4.851154799521417,1.633153269746984,1.108085155272883,1.1802346780367083,0.08890024873893532,4.589675552879905e-18
36081070700,4.960712721628564,1.932835596981711,1.1015438762119487,1.036948511723196,0.11365181085734515,1.4165650419574496e-28
36081070900,4.867495428252795,1.7285928401176545,1.0104846418367717,1.2239388380560579,0.022605355455125948,0.027894941378554836
36081071100,4.420236831557023,1.3625438213792975,1.4288653972963368,1.011489730130826,0.06784704177142878,3.946711829452205e-11
36081071303,4.346026662259678,1.5958507822609764,1.1733228569023346,1.1287386319526256,0.09462643684170731,2.873460070227405e-20
36081071304,4.203843855463428,1.023260163798298,1.3602893533396845,1.0351204093151818,0.0784675668816083,2.1199485801131812e-14
36081071305,4.637280298155076,1.408814731995534,1.4792272171162661,1.1728054191802997,0.07962458496255286,8.751797493917804e-15
36081071306,4.923459104850856,1.281051422618031,1.54901643579608,1.0217658675842873,0.10132680246895433,5.085513446155932e-23
36081071600,4.741517403508968,4.9544169704528365,1.014507224841008,1.5264821406399707,0.7903914268167996,0.0
36081071701,4.936231777815127,1.201505079043608,1.5124803352220226,1.0058474383868916,0.08976753088193916,2.171863189115367e-18
36081071702,4.487013648938262,1.0240947744401616,1.2059431117142267,1.1094913066850012,0.08974368329519548,2.2172230659607494e-18
36081071900,4.873484980255757,1.4252093706571856,1.346368162885959,1.0090825636499936,0.05328242351229011,2.152556612699161e-07
36081072100,4.235076943334743,1.269706565766678,1.7418809734792196,1.1770187564115169,0.036870669956451246,0.0003344146081553174
36081072300,4.794368994714686,1.669170675066291,1.0941831480638262,1.2309468527027558,0.06242017850737814,1.22765850534e-09
36081072900,4.366242755578757,1.478865001083701,1.2884671796091034,1.0650665244326127,0.08705127775239122,2.208582341991071e-17
36081073100,4.960056286342343,1.4098960428900433,1.2379848696441016,1.1739013770225561,0.09678005548088732,3.9294044455522275e-21
36081073700,4.540042091918367,1.0153149127077734,1.2057947449094248,1.3612503942966006,0.06595570481629455,1.3493555252209778e-10
36081073900,4.934592061867178,1.0735433772333547,1.1675264638367242,1.4328051663389565,0.10817466089819164,5.000253100930724e-26
36081074100,4.085449610947968,1.3105905102725854,1.3803298976988732,1.1555501841953846,0.055686190219534276,5.961370394156666e-08
36081074300,4.831340041451803,1.0961393173116107,1.3863493365635406,1.0676606991713378,0.054960346354561936,8.834304400848645e-08
36081074500,4.261905249211772,1.3283202311084128,1.1244008278150732,1.0375921778002324,0.044871109105237394,1.2646684643726747e-05
36081074700,3.4654062630244162,1.0581543734620915,1.150934452530449,1.0314562144956838,0.044967788018257945,1.2112811264957309e-05
36081074900,4.309525783078559,1.3094090841117918,1.0083830727040493,1.0466775020238082,0.11338175481562134,1.9047217197471044e-28
36081075701,3.7619638922697156,1.0930100583719806,1.1360394020491764,1.2065297569979059,0.09384748749524385,5.83669056723588e-20
36081075702,3.857038285555843,1.1047269157941813,1.1139373231682157,1.09199307253904,0.09058932694559338,1.061791594163296e-18
36081076901,4.542803488597514,1.555792813948777,1.2382847819621041,1.00206251008985,0.07402957931372936,5.610526435719393e-13
36081076902,4.706825773597858,1.3322456117154609,1.2182611946522215,1.4414020083534922,0.057617041923892616,2.0444877111425493e-08
36081077300,4.197239948067875,1.0781041141308734,1.24626505221649,1.0849692595308298,0.11459884149465534,4.9869754940020467e-29
36081077500,4.4245037164464485,1.6735721217628203,1.1730204158105444,1.1023852109236287,0.07769840635707854,3.790522985142791e-14
36081077902,4.935462572718513,1.1632943277386212,1.3704760447801378,1.1703056375255239,0.11036874552997632,4.9387791775926605e-27
36081077903,4.690105157066036,1.0677718882944767,2.190728927339138,1.3181234194250975,0.17500183581690915,6.042277674279859e-66
36081077904,4.3227863956779125,1.1353981204444459,2.2928707082588815,1.1086290662541742,0.2015651598366917,2.6008478070314886e-87
36081077905,4.474466071451033,1.016681615379401,1.2073152200405328,1.169931838858659,0.15527284796590976,3.9191989604336784e-52
36081077906,4.833243943753027,1.1269809671509279,1.3972526668163927,1.3017536808906627,0.10794918324306392,6.32642788795495e-26
36081077907,4.459504671705815,1.0885867828707667,2.0694152206207677,1.082821601174043,0.12877231002360132,2.8572936702415655e-36
36081077908,4.654586772020057,1.0131096153901673,2.412123042334038,1.094989265191102,0.069600250899414,1.2254496915917932e-11
36081078800,4.383709518240645,1.1102468281404647,1.1103769678860402,1.5346012507131803,0.031804858928245604,0.001975051175349022
36081079000,4.258298364622296,1.037254879846442,1.187555089490211,1.253492020363078,0.045692459936391296,8.742939889080727e-06
36081079200,4.276858367348716,1.0655577631929702,1.069889995344207,1.4226614335525838,0.051948635538743536,4.288850836628299e-07
36081079701,3.7711855346295415,1.3435416794648347,1.4986232457253514,1.0833958478869476,0.08128229650820665,2.4097540497212594e-15
36081079702,4.242295584329845,1.062488719645387,1.149897057351834,1.161738606716831,0.1123663677991148,5.761990259900229e-28
36081079900,3.699853672533782,1.1736645417961604,1.5006209470654497,1.1349298550377647,0.08116053273399104,2.6515604815165555e-15
36081080301,4.321086893312492,1.365101742199034,1.4846155331597437,1.0041717283029694,0.0988417546063951,5.609932032803183e-22
36081080302,4.09958995004752,1.028092371899671,1.9048313183337662,1.0704897176531674,0.08114895279849874,2.6757640118062087e-15
36081080900,4.440835849648298,1.2829179062434228,1.2697202031455594,1.0330794085143822,0.15626610105283006,8.690881489321318e-53
36081081400,4.7668881880553595,1.0483547530176542,2.3056247898038684,1.11609467011092,0.03684942766146264,0.0003370756888874604
36081081800,4.808860036432726,1.2455578596229735,1.0682851820590482,1.2945160216288798,0.06029422454290662,4.377869588786329e-09
36081083700,4.623898272507724,1.3500741404312144,1.2079906252769703,1.108409202501175,0.08174764291079453,1.6699257729758822e-15
36081083800,4.589763305005681,1.4457868955036228,1.312880719147966,1.0897215288510766,0.041488610212326686,5.4207089422443006e-05
36081084000,4.696943725080466,1.0874961580366431,1.6084374934096957,1.0180317782646071,0.07350199309960538,8.1799018636908e-13
36081084500,4.28256158713792,1.0101357713101002,1.7496365436532066,1.0359436109212332,0.03554500409329886,0.0005441697877445703
36081084601,4.989193036651898,1.5540394100818329,1.3002841667552083,1.5709158549257545,0.051064822482733634,6.711113654470848e-07
36081084602,4.87440095321152,1.1761119778263947,1.5555596413527297,1.2343964523106052,0.08152224687093206,1.9950596084777542e-15
36081084900,4.988700184385557,1.6022986985718966,1.24220350157095,1.0410178855624634,0.07189971159945484,2.5295427580877937e-12
36081085300,3.6415709437123063,1.0056048314603103,1.30262748888671,1.1108421377865874,0.10598566708008965,4.806046787380943e-25
36081085500,4.677181212391552,1.2103161257082744,1.037730962204746,1.2427041300040536,0.05252487897521861,3.190592535965182e-07
36081085700,4.49007917508446,1.005692094932897,1.7178286307923023,1.0892078978059772,0.07858986329944335,1.9318497870968987e-14
36081085900,3.8531327264763675,1.28344292394193,1.0603552439445743,1.3271060866771336,0.041306939692072754,5.844214216387981e-05
36081086100,4.632489667832033,1.1615936173874637,1.576367932561098,1.0110838912864928,0.036306208516332934,0.00041224506149721123
36081086300,4.127676901867877,1.0240790392726886,1.1007643323401268,1.3594226302774715,0.052232587846758785,3.7085328800212513e-07
36081086400,4.566269536634172,1.0887822693807863,1.5914610084965695,1.120034303180777,0.07009973322835023,8.735467549048194e-12
36081086500,3.9032872493249346,1.2505778160336063,1.6300713938955975,1.0006884649052665,0.05878469352700632,1.0525056426172305e-08
36081086900,4.13999358142431,1.110312864559752,1.0783616353924046,1.3707197639310955,0.15333881417568201,7.152469902876139e-51
36081087100,4.555542878930918,1.0322002992610138,2.1416307142430426,1.0849721984140253,0.10571698342540936,6.324523258118813e-25
36081088400,3.7872795338406284,1.3518979594549982,1.0922122213318985,1.268573479517645,0.05077965012557132,7.742293438851078e-07
36081088901,4.768985271315415,1.1131881717524728,1.055707543887479,1.186991519777666,0.17005758975474206,2.542906543818305e-62
36081089200,4.890833124701302,1.083405323455132,1.202131408905558,1.2078178791754617,0.11878456308528677,4.449166480995271e-31
36081090700,4.658486286773787,1.0636393954083303,1.5808687042147103,1.0027581704043875,0.1146521327053238,4.701219835430308e-29
36081091601,4.500848672272788,1.6779246448324727,1.0465930725620272,1.0833854296448564,0.0742053909478798,4.945201424086777e-13
36081091602,4.607649278456167,1.1513588153414016,1.055828698366133,1.3832427890753989,0.05548157286252748,6.663727894825691e-08
36081091800,4.580791570722391,1.154813978804988,1.3903157781491564,1.010480961167664,0.0575191630262516,2.160260875741133e-08
36081091900,4.661314414000994,1.5333303828162776,2.1872046677663093,1.0491141168442688,0.10329056765810439,7.312913234927018e-24
36081092200,4.622342045798991,1.0669783703999505,1.329132180998891,1.2070349378876184,0.1409713260663141,3.4096313398146093e-43
36081092500,4.662305537476524,1.048310994652919,1.974310542097049,1.0701519152951846,0.09829940304459002,9.398647534909952e-22
36081092800,4.88939832949724,1.2797455582484178,1.1966911253121584,1.2315475627014756,0.1337962073923033,4.814311294805119e-39
36081092900,3.7539586948896897,1.267713150314787,1.1868889501923898,1.0474840389009863,0.1071242258875918,1.4898024413326574e-25
36081093401,4.9142176584192505,1.2967943560478972,1.8417285600059117,1.2161265198063305,0.16066766677903432,9.726209950790795e-56
36081093402,4.419701192071223,1.0384031467013255,1.6211878668759088,1.2520232177738628,0.1503058165900317,6.299768333987697e-49
36081093800,4.83742268136173,1.1043937117526104,2.8939010142418162,1.2030437777784604,0.12090274333775453,3.825596517780259e-32
36081093900,4.164612885902251,1.7707848365917762,1.8262551332936923,1.0172979036363117,0.06413798209778399,4.260910277738643e-10
36081094201,4.602883989594005,1.2354170621425786,1.3993265012500906,1.0845315961734379,0.20097685009968927,8.381870936607479e-87
36081094202,4.534637056195989,1.2985898088696035,1.3098496586878214,1.0697960873787662,0.1508222409660324,2.958168759727448e-49
36081094203,4.943983725080884,1.2612494835497081,2.5508897798398555,1.0097727789098125,0.15160443405119606,9.365728503434716e-50
36081094500,4.790192169280843,1.078351518507584,1.5098383805764755,1.1428332461222261,0.12939816872260215,1.30728493416922e-36
36081094700,4.476943492664105,1.374267619743971,1.355228319250086,1.068402011554948,0.08264472621425131,8.18699362453506e-16
36081095400,4.947993197136357,1.1228387082538767,1.333552770220205,1.0747973369622343,0.10791083823510693,6.584333105143527e-26
36081096400,4.59310250971685,1.2164409284011768,1.2034093655694051,1.3837337784050057,0.06989422245538213,1.0043759725243866e-11
36081097202,4.2683641182484315,1.282352902531013,1.1142651482963508,1.0221054662781448,0.06030291293929529,4.3555541972844145e-09
36081097203,4.959278103626524,1.088413809444694,1.7627331490928322,1.1674961953043486,0.07128960638972519,3.86337346161019e-12
36081097204,4.469944648486248,1.558528378318588,1.1275626593071735,1.32570446377607,0.05291640364261135,2.605094203390917e-07
36081097300,3.872709867459214,1.2967319126028656,1.450353914007847,1.1321659114653464,0.08009566521787334,6.082432772196359e-15
36081098100,4.841724990088412,1.4106920238013254,2.0172726312692832,1.0628168740297284,0.07460979310587233,3.69492917772967e-13
36081098700,4.257080411225811,1.128265235842079,1.9102583422285249,1.0935320120386685,0.08423676951357342,2.267436476009927e-16
36081099100,4.185466121588085,1.0200664532171473,1.1645212338137014,1.0710563301489,0.11521191141990429,2.5252024414428845e-29
36081099200,4.455709577173762,1.0308125470941985,1.3507469807438426,1.1355391142491946,0.07873695179623472,1.72726724482769e-14
36081099701,4.723335269443536,1.5784640969510664,1.4175501636195191,1.131440310142285,0.11241216280550133,5.482575661144108e-28
36081099703,4.946785147480943,1.5302546393890353,1.4087885335259571,1.3802918846398278,0.12739365816001452,1.5778547523032024e-35
36081099704,4.944051062189537,1.4321251998697946,1.0688761083777685,1.1321511080978564,0.20464503539667683,5.349131217038728e-90
36081099705,4.6792435758866056,1.4729162449701612,1.1487702038428331,1.0009457397428747,0.15355420664524821,5.1856551120429844e-51
36081099801,4.549471208908717,1.3706732429691033,1.4115879026193796,1.0242748644724773,0.11964678533100317,1.6475274231391627e-31
36081099802,4.7074776506588165,1.3848756406076426,1.1662359323734126,1.2059280176548128,0.1186317603803591,5.301627341144854e-31
36081099900,1.1277081635027648,4.84068327728164,4.546784278590895,1.3759097107945653,-0.00025345801029277463,0.9803341263265357
36081100801,4.339822449487514,1.0705685968701069,1.2847644621309802,1.0188585662102625,0.20086522555009506,1.0461397032427633e-86
36081100802,4.56931921939492,1.0549036450744822,1.151962964223852,1.201731413534089,0.14675986542921754,1.052090778872151e-46
36081101001,4.756949303436254,1.3600545772929244,1.1482263889952868,1.2508984022776453,0.14898576734150107,4.2973546975572585e-48
36081101002,4.874327945514416,1.1086091053510132,2.475045935631423,1.0594385578202825,0.19875821407135913,6.691996452691148e-85
36081101700,4.948946284090265,1.273519423138108,1.5330746034825684,1.0920815135111503,0.1302024503522846,4.758880000018511e-37
36081102900,4.051522069927639,1.2779507035998456,1.0557451220917216,1.294125836996276,0.09100985004172724,7.343713796976834e-19
36081103201,4.748608172269385,1.184679866455852,1.1064686026335924,1.4518397808095713,0.16258054706651748,4.7721988972139284e-57
36081103202,4.159201343379504,1.3561705905033072,1.3493610748366853,1.1537986333559367,0.19431269588270764,3.7043547320355713e-81
36081103300,4.063632127638243,1.3971175691330124,1.3120150099348127,1.1696355198633626,0.06219080709514673,1.4110283382449873e-09
36081103900,4.830962982369494,1.7706159748365877,1.2386968438934893,1.2949035278697316,0.07310777557346097,1.082315899107857e-12
36081104700,4.344871789455858,1.1911537695839094,1.0014274234330784,1.1018139939950693,0.10269681403317421,1.3196398644056189e-23
36081105900,4.775924122548353,1.5090872845931838,1.0565911470976772,1.2629186825787002,0.06798959242777743,3.592563862371482e-11
36081107201,4.482106993391845,1.4963668970124928,1.0291607590864729,1.0657842491792202,0.06182047268242333,1.7648122259405158e-09
36081107202,1.1373823154386002,4.966844302524812,4.633125126252732,1.644251477985824,-0.0002256844083144788,0.9824887201395774
36081108500,4.632234440894259,1.2801155611215513,1.710552221671377,1.2672532192474648,0.08477891757557726,1.4563353376029652e-16
36081109300,4.931783905395594,1.5614687595180996,1.5719282900348066,1.0915879495687477,0.1339739337639604,3.823233599106316e-39
36081109700,4.750627013828433,1.1595803038356958,1.6291115198820283,1.3119320607298348,0.1022877900277021,1.9778714351746112e-23
36081109900,4.719855685027446,1.1695168965531053,2.0841556092505042,1.0716465490967373,0.10268628129683903,1.3334900316783828e-23
36081111300,4.723544938059064,1.6345967197725741,1.1515973624972762,1.2267035325849491,0.16689131164150603,4.6645434894519546e-60
36081112300,4.68446975093547,1.3002669079682034,1.097333042851396,1.274369102275248,0.15948401570637571,6.165325087347234e-55
36081112900,3.782575519443622,1.1053648918279189,1.1983848509666348,1.1730108527378054,0.10586406667861556,5.442406931045862e-25
36081113300,4.403690404062793,1.3391991932872709,1.3434483213110173,1.1906648426961546,0.06749169742044744,4.9848945867932453e-11
36081113900,4.843942964155019,1.2639720138390016,1.144210423871705,1.0827949493473712,0.10189470622426161,2.9135980684566466e-23
36081114100,4.729002337446836,1.0465425714715124,1.11969144098583,1.2563926322099555,0.08375091510501928,3.3636460648396083e-16
36081114700,4.620669002493742,1.0965537719822507,2.6347565337953975,1.0986397807094193,0.0739529932615656,5.927125851769591e-13
36081115100,4.8156162561631595,1.0408163842570506,1.0851299553823273,1.1541386345916007,0.10689080594960067,1.8960769155890417e-25
36081115500,4.947233476485522,1.1538391019589902,2.1200980593493126,1.0156605926928037,0.07667657215680061,8.132263554491597e-14
36081115700,4.919007316087164,1.059319712093906,1.4530080895562332,1.2937178679819645,0.06690655128924444,7.303696081697436e-11
36081115900,4.480489506010821,1.0817736006509082,1.3931167171759844,1.2785452786954332,0.08465606277732791,1.610418366612791e-16
36081116100,4.360885896895887,1.1496250516622322,1.3567360222669809,1.02991533129655,0.12117388109655039,2.7856022330622017e-32
36081116300,4.309697481343385,1.1733961796651649,1.5217252036876214,1.0340219427718154,0.08376659504215514,3.321222721077136e-16
36081116700,4.433988539925108,1.475274284197095,1.2089882974504373,1.071741001276159,0.06181035689954695,1.7755983074097948e-09
36081117100,4.502933589562514,1.12805557758857,1.158633604247406,1.3515612633793026,0.10176868462194215,3.2978195117141297e-23
36081117500,4.605228887710742,1.15385528243208,1.3860192267010003,1.0221431919813924,0.10080935484608203,8.424984071716534e-23
36081118100,4.893734178683342,1.2155566580594908,1.3222206345829655,1.4032312265871099,0.04460004424769317,1.4265875870563014e-05
36081118500,4.640802271458625,1.3972998079789192,1.2074124856648751,1.0996527850479296,0.12240703761274903,6.521195176573375e-33
36081118700,3.7215099490537726,1.0576037638044617,1.5610798786824427,1.1053706454627603,0.05308768533393876,2.3829301637598936e-07
36081118900,3.9621166738381284,1.0825623778379778,1.62113622035917,1.1335301524676247,0.07207828744748754,2.233157647392359e-12
36081119100,4.274051936271061,1.3535127538231002,1.0476384384421848,1.4132077830806664,0.08234930719002088,1.0361851623993028e-15
36081119300,4.658102440052391,1.4383464056746713,1.2633665861831709,1.2611651615317108,0.09021870972893019,1.4674049166315953e-18
36081119500,4.736973628049947,1.1026355524311526,1.2563256178859774,1.1557945427848004,0.061816954499113,1.768556273615356e-09
36081119900,4.657195530116702,1.3264512845032392,1.0205474590190775,1.11633015773862,0.03617333510156423,0.00043287822474438303
36081120100,4.976768889927101,1.0097445311542401,2.0964433627244117,1.0830606374200027,0.07734153471076678,4.954124668105892e-14
36081120300,3.045345784066999,1.1278954748718846,1.2256612963568472,1.0125664740069382,0.03723407686999199,0.0002918264648698109
36081120500,4.287942473490645,1.2443905647669038,1.4638692580622674,1.0115793344566129,0.05389430486749892,1.5603411671645274e-07
36081120700,4.3175325686970325,1.1987759980215777,1.3927665735353978,1.2048576038337657,0.08664193342233152,3.1135546898608283e-17
36081121100,4.696295122809239,1.3950268415530083,1.295025895612003,1.0615691806592729,0.03242530692111492,0.001608578253299596
36081121500,4.758552549509567,1.1545955422390826,1.071386666925088,1.0131317348075726,0.14362629879235173,8.721898411314148e-45
36081122300,4.737290561766901,1.291199034749992,1.0640188408187825,1.1192343539919278,0.1474177210869608,4.109952025711598e-47
36081122701,3.7876326607947517,1.0359893453250975,1.1139757517777373,1.1882654894570646,0.10751865067235769,9.90015873058173e-26
36081122702,4.286098660920199,1.629194824871421,1.3129079266414188,1.1467120541707025,0.08370457029105528,3.492182164793687e-16
36081124100,4.8120397715135965,1.3212981561895525,2.2111955964394543,1.0405271176449666,0.10317316123343345,8.220543102011753e-24
36081124700,4.873996363255348,1.2240395860259419,1.5306539447774887,1.251117032058609,0.13014650699383665,5.106470638518438e-37
36081125700,4.7824414303285465,1.396514260960501,1.5290188943888268,1.1010115104779814,0.07579201697585551,1.5621309033604145e-13
36081126500,4.673115130464167,1.0281443622455804,1.617509718475568,1.0684954432216127,0.1159511991339056,1.1060838901121876e-29
36081126700,4.538944255632845,1.0043255535081563,1.195944286425469,1.4911406871853892,0.0858488532979711,6.028846673338169e-17
36081127700,3.590008726050101,1.3081884011174942,1.6214673635409111,1.1546378503328256,0.06556175164935832,1.7357910746135186e-10
36081128300,4.265041722360489,1.3034661661589984,1.398032106410361,1.045668769923883,0.045418012089549806,9.897481900441555e-06
36081129102,4.930060608262009,1.1578679676567187,1.490437513860798,1.1395300768738563,0.11370580166554264,1.335027326467405e-28
36081129103,4.850340547086958,1.0635928384540314,2.394243527195265,1.1191468215962104,0.0697610083603774,1.0992390387882516e-11
36081129104,4.571457213516471,1.0253812907195243,1.1450191771051976,1.3249141821961175,0.10181586780696589,3.1484203211380046e-23
36081130100,4.38173936739496,1.203100179998568,1.564742617128559,1.0401864617330965,0.08834791358187163,7.363751755812992e-18
36081133300,4.871773055953465,1.0939161762966227,2.044294068880454,1.0358206139906088,0.09599162319418865,8.182982582375684e-21
36081133900,4.319028167123836,1.000126373884843,1.1464382569674392,1.0956742997234237,0.11445861943370485,5.82384302450029e-29
36081134100,4.961722603803402,1.1643271118184009,1.2900808285405425,1.2921269444508585,0.11863866318968824,5.2598355945821155e-31
36081134700,4.28934395360544,1.2532694839750045,1.5566439665561806,1.061764822888077,0.0924030058871493,2.138849527171243e-19
36081136700,4.500923521915254,1.0279345893403473,1.0209769847060528,1.3193526374794295,0.12377145498354544,1.285425597394745e-33
36081137700,4.0488986048078,1.0336341084871634,1.1370685398564007,1.2852769982741918,0.11844920562846441,6.534806817431136e-31
36081138501,4.960794072051373,1.1293251979379217,2.3207199779851546,1.1321440037876793,0.09460753012357263,2.923513917135967e-20
36081138502,4.277274046120851,1.4760173843952735,1.051529892001689,1.332528075533844,0.08823707232440647,8.093735189169677e-18
36081139900,4.794581829071529,1.1847458997559206,1.133745875535464,1.1201846490749634,0.1289002750546024,2.4358981711124414e-36
36081140300,4.7750805877211455,1.160590904096079,1.231394757007878,1.3836299784829542,0.0973499961154277,2.3036153272672272e-21
36081140901,4.696314919096402,1.4877410841956724,1.1116427187747826,1.0702997381875186,0.07189636735193446,2.5354459144064988e-12
36081140902,4.707294951643784,1.2015978511135152,1.6461042548050553,1.0433160273865294,0.05973197863138761,6.08464353818855e-09
36081141700,4.580553788417639,1.4274127297917083,1.4293419124680078,1.0068145298098088,0.0769299464450368,6.736126680536047e-14
36081142900,4.971294698095136,1.3662770628844725,1.134197035045874,1.3447853258199842,0.05129954263787142,5.962898870021937e-07
36081143500,4.192769076201287,1.0977429554291227,1.0769392085972616,1.345657959665795,0.07830635916556236,2.3956425034768896e-14
36081144100,4.4272668686970835,1.274168689068837,1.2694618153756316,1.0388735491193444,0.12605614883386765,8.132873664691423e-35
36081144700,3.9901160367215933,1.2899417076403665,1.8230960045367315,1.0322616251482213,0.07444590128567496,4.1589642217361e-13
36081145101,4.0698844491886845,1.629045568500489,1.0200570454079063,1.1658332134753309,0.048062625917338536,2.9106695599370113e-06
36081145102,4.281068081634702,1.1504708496309313,1.715870486017542,1.0057280420296664,0.05118430731717938,6.319589554643965e-07
36081145900,4.6398829403088016,1.3687979943990278,1.3813053592340145,1.0635826960031984,0.06046196713607349,3.966066152126206e-09
36081146300,3.6783715723832735,1.427379153749472,1.2786701625620107,1.0812014170229651,0.07645268722792585,9.600023063606264e-14
36081146700,4.588627901182128,1.1911894674375354,1.3488710774493526,1.1751298188241694,0.1199873554330935,1.1105624973606061e-31
36081147100,4.767840954573575,1.162623947592028,1.6448655184247496,1.122652728816675,0.1738230682485419,4.520462342497611e-65
36081147900,4.704771708836368,1.1184776292002798,1.2727330264904282,1.0176595402725006,0.2572947331562186,6.566456670605241e-143
36081148300,3.8497889578342877,1.1177793256293178,1.5162891146470392,1.097327719228923,0.14578815607878223,4.1837864351855466e-46
36081150701,4.168800939789897,1.2798542397720887,1.5728724701638441,1.1207976648135478,0.1591113991789665,1.0993857853048976e-54
36081150702,4.343929517724483,1.2409539989747014,1.6662787148095903,1.1604335399635186,0.1915290742226091,7.350176100006999e-79
36081152901,4.663552199940941,1.3493772128481982,1.373386234141332,1.0897339465521867,0.13673128452516015,1.0277908993865914e-40
36081152902,4.269915040455654,1.1310787521981247,1.2570517891811228,1.2278183567064396,0.18352522177648206,1.8854678826828467e-72
36081155101,4.656801952128253,1.4573605294750749,1.2568087620071893,1.1756457502624613,0.09861296745188002,6.976636259600118e-22
36081155102,4.695870615820446,1.1148788694886882,1.0270820294505043,1.0104149947271743,0.18958894438096602,2.7969619034443524e-77
36081156700,4.9442586170540785,1.423757841821125,1.3503958759278092,1.2533006781263616,0.09775573928586125,1.5720970440599297e-21
36081157101,4.460301107418875,1.6191484628653212,1.037031385309958,1.0567712110138938,0.16367738212295033,8.331088227549621e-58
36081157102,4.4868143637716145,1.5480319198030372,1.1913357132806146,1.4221392314798091,0.11356523725723384,1.5577390639509002e-28
36081157901,4.810443877918683,1.4334225933357008,1.189349509471895,1.0862686731571225,0.17637391713638845,5.702005053419335e-67
36081157902,4.4138291410059125,1.4016172581395856,1.5801469764505303,1.0619123495858096,0.1465190532197834,1.4825562830372562e-46
36081157903,4.6308747836381805,1.764007085080987,1.2409440552678177,1.0067310416045139,0.15862429299302278,2.336689566200934e-54
36081161700,4.852257037297672,1.381799206327115,1.0985595043972656,1.020392012387623,0.18613564454327577,1.6487928585195676e-74
36081162100,4.925688703630989,1.4672162464879106,1.5681341447100001,1.0759651388666711,0.14201747851436872,8.110022382239371e-44
