cbg,exp_distance,exp_area,exp_poi_diversity,exp_poi_count,corr,p
360850017002,30.18178257201987,1.647057053613885,3.7283031095544175,8.605914022566573,0.5272341088210472,0.0
360850017001,38.59175762711686,1.0372538236013398,5.09743044473683,2.736882675030799,0.4859610540862617,0.0
360850006001,38.992883919740166,1.7446359193188208,1.9488749605436055,3.8970795195023413,0.09327061379023488,9.827810862201866e-20
360850007002,15.77429871879976,1.5157507279858464,1.159431596442687,3.9856207083703623,0.13990570779556874,1.455842730854174e-42
360850009002,19.217993960091093,2.024570190560439,4.572978418483316,2.4077750681497605,0.22494730621761352,8.024111012018219e-109
360850011002,24.69638597939459,1.5291532273169253,7.5962477381573805,4.0868561550110485,0.25024716460137925,4.8105241266098415e-135
360850020011,37.18421915070368,1.3196257302820413,11.635775888149993,4.061549784503825,0.025269924317261123,0.013970756415730349
360850003001,20.331202897508255,1.1415898831381242,3.812968298514079,2.8437217969445214,0.42690053143280116,0.0
360850007001,32.40348340696512,5.431572556769737,28.72091771536403,1.782609466869701,0.15813349030047685,4.982845326011417e-54
360850018001,38.94739831927512,2.5197607580282195,2.967379375214179,2.2354554258152604,0.27661441892789745,9.350613839263864e-166
360850008002,37.84690895757987,4.580183336163145,7.995853388293746,3.7779377258321745,0.12705000208829798,2.4087057772879097e-35
360850008003,35.91892883512466,3.8715788839609218,6.919386680480131,2.1995656393028185,0.29254330974717824,4.813097975974533e-186
360850008001,34.45666770735966,1.0090120451637858,1.5077725239049045,3.0758723835563444,0.26617106120011635,3.603637276751617e-153
360850009001,37.72135214549496,1.577580268375101,1.6873377116002928,6.240362388381357,0.14101904172122423,3.194215180324366e-43
360850020021,38.007644563621625,4.469078996828955,2.3586981484004124,1.048825389333362,0.5614331016426786,0.0
360850021001,36.99184562054707,2.2518906083805774,4.352994378262222,4.50033594207728,0.8021388455168119,0.0
360850027001,32.028215535670086,3.9294895327333847,4.557694429906846,4.556372364266082,0.6135860860539493,0.0
360850132041,34.45145528771454,1.2502194775290434,7.3973042121361345,10.237293767137317,0.07393377199243921,6.009298457462978e-13
360850029003,32.7016117569608,3.476343856528672,1.4522651645461622,1.0700196757597098,0.5091496276428904,0.0
360850029001,29.38577109980011,1.2991983021572702,1.0787306207194258,2.9481562767490157,0.39547726186704313,0.0
360850011001,24.756662139813614,2.2518252650469783,10.236720809864522,4.394532567466163,0.2904710262612712,2.497728907985371e-183
360850011003,39.76247447314765,1.4467797325596052,10.08973661575294,9.639072539930055,0.22493793516822827,8.194753468658178e-109
360850033002,38.10197698467226,3.595402909351961,8.328785845115831,3.9121939207467165,0.3636809635515748,9.069501168610953e-294
360850033001,36.86621172298612,2.3932432572295284,2.2556693430913413,2.412130649224707,0.42430622217463454,0.0
360850036001,37.55290656368942,2.0352758449211024,1.997481310069361,6.816613608620941,0.1471057854014022,6.421499064995224e-47
360850039001,36.509368905626246,1.8828677995341394,2.5239622376668223,2.8826927366037722,0.3718264814498846,5.217285767941701e-308
360850040001,33.93600945493947,2.295071864361887,1.1874172457637497,4.098822709626802,0.3230212798024552,1.1461655127017171e-228
360850047001,32.10090615882166,1.0562196272542508,3.810520449928191,1.3952828377579394,0.5635776021645795,0.0
360850047002,28.23292483707263,2.2089453288499783,2.1986152578282088,1.1512999437483415,0.5308334244338335,0.0
360850050001,34.42584078191197,1.9333265350666125,2.569879806860854,2.7796016348752373,0.48337338451543477,0.0
360850050002,29.071449887094218,2.5967112581755885,6.442623000748881,2.6214013538153162,0.12213180344503932,9.028896078663523e-33
360850059001,30.57222535787473,1.3263015725079867,1.2744473797059044,4.563901826627122,0.28320181522681515,5.521372896625281e-174
360850059002,37.09078297120155,2.1661812737195305,4.3676655758638105,6.561328529186596,0.023376105294413977,0.022981047123798375
360850064002,31.10360023184535,2.6698887375926006,2.078819507195149,4.5539362820287295,0.538050706899475,0.0
360850064001,38.80790342322814,1.8075496914951827,15.199535902120715,4.079598487388699,0.22964532859070688,1.8610501735676867e-113
360850064003,36.177977669570055,1.4641611949362243,1.2283894639353434,6.9118315826436,0.6456184506850958,0.0
360850070001,35.272467455381985,1.798239364323905,1.2420466707275466,2.099675276506076,0.5889800636581884,0.0
360850070002,30.117254861071018,3.0671483273475104,7.239870276340518,1.4442074660706368,0.3933079628914914,0.0
360850070003,34.24436914972685,1.442445450168833,6.363316010671042,1.157855136475746,0.6578243031074389,0.0
360850074001,35.27283908182051,3.1741618336802873,2.971017222056446,5.908923165394867,0.5738232011057086,0.0
360850075003,35.84374413810218,1.6731994602291667,1.927758486678485,3.269578278242335,0.19191210003034298,3.5666265757702034e-79
360850075002,32.985347701816444,2.317060051184008,6.0261284249079665,4.451354255706189,0.11802080149507203,1.0661369003963936e-30
360850075001,35.98632956133059,1.7943872650577504,2.302120033058742,5.2551658572978965,0.1874147816769514,1.575030865393347e-75
360850077001,32.54404403696492,1.7219754113008205,2.4592864370715475,8.940615004351258,0.2613603142872782,1.4693435632240402e-147
360850081001,38.77793519000784,2.0571777532358553,11.620102083517168,5.395893772291686,0.15517706028413167,4.5295108017713096e-52
360850081002,29.368201412052557,5.1936478935735595,31.390141610900088,1.6499258211838708,0.3903683297416554,0.0
360850096011,27.053100964595455,1.1041908698607017,7.252456137587231,1.2281712720186988,0.23678755340709523,1.0476359392354463e-120
360850096012,31.66462124126363,4.53971610841149,3.725731262499437,1.9825044008674126,0.2557808403483197,3.3705813243982736e-141
360850096022,26.990141560390228,3.2917667441078393,2.5764501927313432,2.48087447099374,0.3019806712016027,1.0637188270446192e-198
360850096023,26.487371657424255,1.1413981132956792,2.7665812041791753,2.511366602324131,0.39405757453299894,0.0
360850096021,20.888320959401437,2.397472803697308,2.2974468870412466,2.4350431329408186,0.30481215849539545,1.3676395204111523e-202
360850097002,33.04828742931946,1.0117203698089514,7.937212631317983,2.6931892948499154,0.053598992061401646,1.823256703228808e-07
360850097001,36.52839888578512,1.3261393537012438,22.90031923291133,1.3278398783494225,0.02159160645622304,0.03571717794890492
360850105003,27.588967900089003,1.4919700069343094,9.274402047362578,3.059907282310604,0.2659535867014021,6.49978219249909e-153
360850105002,25.906048164125878,1.0548342977407543,2.827426193321088,1.5396044079327567,0.10386292819285335,4.1262883125875494e-24
360850105005,30.58886479415912,1.6323943323454841,5.867196758448316,2.202772903828958,0.23787737240754628,7.803194369483821e-122
360850105004,38.15239498914818,1.8147635834868903,15.074474058394072,1.8922602474810901,0.27764702172253064,4.96435094157452e-167
360850105001,29.36927131611759,2.013366917124671,8.311951996896818,1.7202210001049139,0.03015807126466675,0.0033496393606876292
360850112011,32.5818260858466,3.361968861262824,1.238619286908488,3.7966877524773963,0.5707596089703003,0.0
360850112012,38.292896420512506,4.720883880056732,5.014284583798698,2.499274483657558,0.5254777961730421,0.0
360850112021,11.89351635588167,1.0037779202334036,1.5465419714662119,3.829122332662621,0.14473186666891574,1.8560934476189092e-45
360850112022,24.539720413632665,2.8448115751541536,1.3388225515982413,5.11278093713338,0.1803801525119116,5.178356281161749e-70
360850114012,39.7540129228864,5.122526646178983,1.3830174825618258,4.308077600168033,0.15790410276644176,7.09284670132672e-54
360850114011,32.62433556733176,3.01885162348092,5.232148966326022,1.0592264475587356,0.4130553787458573,0.0
360850114023,35.0917947569032,3.327488735560025,2.1767951485351484,1.6321637762438002,0.5235573835426304,0.0
360850114022,29.67938206331739,1.5169861627862815,3.636950407788106,4.961074858211504,0.12325506356674477,2.3818257288831014e-33
360850114021,29.642001719027974,3.9973477631202314,1.8604947409078505,1.4331666070157212,0.5804906887730048,0.0
360850021003,37.8336064991438,3.6295307164138535,4.308656243924702,6.430542697384084,0.551630311863391,0.0
360850029004,39.00198213583073,3.975601635007043,1.0136064226550445,1.0260412499549716,0.6057351208509753,0.0
360850067001,39.04089606359261,1.7844137651899246,6.410014665090074,9.309211156109455,0.028013858395085432,0.006429807601090803
360850067003,30.491822777001175,1.5024352315028437,2.099605979840959,5.437849267876203,0.11234130016521819,5.920872477235079e-28
360850121001,36.69039975137115,2.483899358182768,11.195207604327681,1.1878131498532127,0.16067936782641312,9.549582330496623e-56
360850122001,35.27121218549745,1.5985641967247375,5.364692517357703,1.4660028803097163,0.23551988368898463,2.1132765185929228e-119
360850122002,38.923655158623305,2.0870497272309363,1.7156072422862962,2.568876962918665,0.36064470618283645,1.4467542224433707e-288
360850122004,37.65680970008245,3.771094125920115,1.8060965529421933,4.6850148318084734,0.1783042847693898,1.992416163840235e-68
360850122003,34.53669976204387,3.0913908130100083,1.747496593136816,3.640472830254396,0.14033625786026127,8.109596139363855e-43
360850125003,22.62082236750817,2.064812605977007,5.111648349645463,1.2884308457587963,0.019747868184141742,0.05476163688953619
360850125001,33.04127999092391,1.2910482173849118,8.422262975384491,4.777469509407638,0.1019381071386954,2.79181623701186e-23
360850125002,35.33799828885319,2.886634446220121,2.380405090289827,2.1467320582966494,0.02843424726671783,0.005676127367634797
360850128041,25.084161001747276,2.5912369559285935,6.119435918349097,2.3122787649546055,0.23927573859447254,2.732266037730665e-123
360850132012,19.614236857530727,1.7019061348231048,2.142003908645222,1.2761192606378984,0.3284587337929531,8.169492651059234e-237
360850132011,36.616820837315835,2.5427763188231154,5.477072125088469,5.264652731546306,0.011760484438541191,0.25270520077009856
360850132042,23.75121346426971,1.1803798269451136,5.171795065083174,1.5166324981753974,0.20659761827756926,1.004701031040237e-91
360850132032,27.607396866309088,2.193370106679396,3.555804033435848,2.261731228566333,0.36267548057413185,4.862093946952544e-292
360850132043,34.79249723097416,1.0298921243624832,15.13064972504597,4.837990743734444,0.04179422026377678,4.7731430560230956e-05
360850132033,39.345253900726846,3.074813362885351,22.461815831902854,1.3875831125992875,0.11178787192131177,1.077736327520533e-27
360850146061,37.726652992264135,1.1666645092834191,16.499889035250337,17.98453987173616,0.08134633026886341,2.2914414301413277e-15
360850133011,37.193500886823735,1.1210197885994255,14.125641294535509,1.0994139292912506,0.6469382082149965,0.0
360850133023,36.95546752279881,1.8833480623204557,3.5194333536921647,1.0391311408713761,0.5323244497975492,0.0
360850133021,33.720621518126336,1.144676454462413,11.957219283482218,4.247901308651542,0.05890243543732191,9.836516747044525e-09
360850134002,39.53100544335999,4.514994971983441,1.0487091893987213,1.1920406095078988,0.823767242257126,0.0
360850134001,30.123134638501938,1.3206647035988226,5.987498448115133,7.87312686678024,0.10408626154674114,3.297691046261088e-24
360850070004,33.39865160468946,4.578263516393605,2.3660694244646265,2.303449275470882,0.6029620294197483,0.0
360850081003,30.988524713878064,1.6426374671577122,6.249791801387218,3.19567324191965,0.1557731248341217,1.8376778597481375e-52
360850097003,25.196740736653133,1.4574046485016012,3.0752188138015697,1.410263341411234,0.10764382622828073,8.693156088698232e-26
360850121002,36.90214001298355,1.5169795068365133,15.36482495448898,2.637369379384303,0.008359246735679554,0.4162230809940982
360850121003,35.807434146029905,1.3794852826071633,9.817303931265876,5.336384099070303,0.02397280139374345,0.019710922256700226
360850133022,29.196694391884137,1.4448618950380592,1.7366091753869917,1.5382444764070442,0.1973027292112808,1.1510872366963434e-83
360850170093,34.45444245961937,1.0743726086801644,1.040873851084882,10.982284268066877,0.23450799779211567,2.2953048382639315e-118
360850170104,19.89089728030571,1.3103464311331976,1.2461972971454145,3.3264077825431073,0.1196839815814547,1.5781520486076602e-31
360850176004,38.92434995228618,3.4382393784408407,9.037509046197227,3.9988590925471215,0.25868135026697225,1.7404611927318034e-144
360850181002,19.538814971998193,1.4022328654847058,3.304061366298015,2.43047017501857,0.10013918636955488,1.613761574369185e-22
360850181003,32.36557711089485,2.3241004359679067,5.3377670752600865,2.2885638611167387,0.09908101480106037,4.463752389799017e-22
360850187012,20.9635965259655,1.4205798468863122,2.7030274742317104,2.8346549523086253,0.38344923779914547,0.0
360850189023,28.04265473019794,1.387018394253971,1.8780213809236628,3.3708664242375335,0.13541015440123652,5.867969621644989e-40
360850207003,34.31662188170546,2.1879245795303035,12.79703682344848,1.319471835931239,0.0019462958879959602,0.849868012539049
360850207004,23.160846216016807,1.2637247011669341,11.773300246215605,2.5589346766897094,0.03671809524929472,0.0003539729099236516
360850208033,37.5366915795822,4.460013192904523,1.2642765619728635,6.5818569029679,0.5530225851787701,0.0
360850134003,36.59402684533757,4.915378138967554,2.5967737111092077,1.5013803993896886,0.19397007658868476,7.135538261060439e-81
360850138002,31.386128302131738,1.3295818225253981,4.781286166000985,1.2896980558976452,0.1292837067429974,1.508696412435618e-36
360850138001,39.42749631014304,1.1758735884137361,13.725166031124923,17.88324092283147,0.18641166468948653,9.947656739322485e-75
360850141001,29.72733605463793,1.7190847735248695,5.43695777147677,1.5825610501741778,0.23583944267412735,9.926283414743702e-120
360850141002,25.134553995597898,1.1562318952029464,4.6040144448773646,4.143267259728077,0.11217472027967473,7.092826367802105e-28
360850277041,26.824068852841194,1.101051292821026,12.79063746540612,4.576087466366829,0.2413052711571569,2.0264172752907594e-125
360850277042,26.958556739280198,1.1277564441258505,1.4186665317175482,17.61800509938829,0.20497914149166374,2.717468894498634e-90
360850208041,36.51415595244549,7.884860406022398,20.455668506996524,20.284057278806834,0.557012409690849,0.0
360850147002,26.742210361312118,1.2597983404767703,9.261993323404027,1.0458519223337532,0.24496357732518736,2.6105931255210324e-129
360850147003,39.996684368254705,3.017786934681226,7.271650525808977,1.3130840738284633,0.5225564926995883,0.0
360850147001,34.73219233001899,3.6005753016294193,3.294715907609344,2.667940342403938,0.07250604628089723,1.6547907721133538e-12
360850151002,36.10154447921185,1.374945935541092,14.784732073396242,1.877460393067338,0.23642625200966236,2.4710088914554775e-120
360850151003,39.993956742828914,1.2048368295871796,14.192977455875791,6.9997118070334565,0.06957220325554599,1.2488788571737645e-11
360850151001,33.27183400214463,2.3793968092604416,7.139891339761633,1.8203328203908384,0.18127108665537361,1.0663051869610014e-70
360850151004,38.71454295726558,2.3999501778284866,6.26445263746696,1.9312390219171078,0.49953586602459116,0.0
360850151005,39.10051899378249,1.3114953086930043,1.4102091480687307,2.51518224477433,0.5494792029973551,0.0
360850156011,36.115175243330526,2.492611050247973,1.3095592723067853,2.4317795783285185,0.8869658493103397,0.0
360850156016,38.53800076488946,3.4590187674896242,19.72137400133888,2.3652657371586847,0.2534631031800323,1.3305710433200448e-138
360850208043,36.531975008280966,7.229192716526896,32.70080924181508,13.66691905370867,0.39161710463265537,0.0
360850226004,39.6539224795373,9.404963433799722,27.236029077678637,28.647770122103385,0.6164383736120752,0.0
360850244013,34.39566943879409,5.873286670803736,6.122973226036919,2.37389435897785,0.24757368979611213,3.991075055576425e-132
360850244021,38.597650759929905,2.216139935915379,3.7371540592482546,1.8433158657352067,0.5781256459297004,0.0
360850248003,33.94669220076264,4.117568736035803,2.7967480737107735,3.6154411463643044,0.5073977789655378,0.0
360850291044,26.52239194700249,1.1880367704509496,1.122328387640266,1.1322631705511697,0.6285935204394307,0.0
360850319023,28.506150882532012,2.805039489125079,35.5679323319639,1.9989903834995744,0.016898495004317164,0.10026351808566375
360850128042,35.17162979117268,2.0524584246295188,1.6128921417378024,2.262385749496275,0.7366617762949135,0.0
360850128051,28.42169930330047,2.360702731714327,5.075246278364716,2.2495280530259834,0.14778899571993442,2.413332332517101e-47
360850169011,38.23684507005409,1.312132068012346,2.6363440508792877,4.966663108115142,0.4472180788284399,0.0
360850198004,39.67842535611577,4.280316606991931,20.092225083102235,2.231829364147387,0.536465149144683,0.0
360850156012,29.711602637665322,2.239892242826855,2.5509913396865294,2.0814642310893987,0.7472262526768106,0.0
360850156014,29.380393644248574,1.1784249095126427,2.6730167566452607,3.663222109560934,0.725936150213045,0.0
360850156013,36.90065948833768,2.215423079769039,17.090858027946197,2.1279655883104738,0.47445967358009494,0.0
360850156015,31.112873795068793,1.662695746510792,6.106082310988356,1.5992799362857113,0.7943914619453829,0.0
360850156021,37.08613554565383,1.8922570945943562,4.45935874514668,3.3593632335237373,0.7952577808544921,0.0
360850156022,33.77732366565026,2.0140459988724047,5.550215378216592,2.607315550900722,0.7952825949385032,0.0
360850156023,30.462610367941522,2.1984292566745864,12.295468030631852,2.159541636320654,0.3177418272349631,6.451695159150909e-221
360850156024,37.80528940916713,1.5919976258653037,2.2687253045502658,2.359908004719557,0.6846752101859386,0.0
360850156031,37.192196046271064,3.0681857428682027,5.338626752013081,1.003387900336234,0.7598267253155266,0.0
360850169012,39.58172059885948,2.838242872986797,19.22317709991929,6.218532310090325,0.026942911455477402,0.008772274859046032
360850170101,38.93929492412468,8.34654093696603,35.990022151346565,16.16126213437506,0.19918705990283986,2.8816811927677246e-85
360850176002,36.970260272050766,2.690207876428282,3.2944424501850307,3.0363574559124498,0.6624274227528708,0.0
360850176003,21.762158793214695,1.001457251148679,5.327950635465939,1.6696290920514372,0.29908739068612483,9.07167767301536e-195
360850173001,33.18623797733255,2.9889708685711582,1.2447973227326514,2.3689015492061856,0.25975175238280546,1.0397831686770921e-145
360850176001,32.713098505977754,2.679728552839035,1.6079979929152444,1.6713873512435786,0.31487257975486577,9.04404149150354e-217
360850303021,29.45281608607246,1.656735137891019,13.408941167179222,2.421276348446767,0.0884887560184801,6.529272339828896e-18
360850291021,30.737179797577483,1.4088063618127649,12.807738425767951,4.120797519686349,0.26991273705701224,1.2934364451819538e-157
360850003002,28.63771314142528,1.377823724524717,10.45681584039238,3.3437177588125735,0.3834984925584594,0.0
360850006002,38.0963179956627,1.0907418409916758,2.262277607590107,7.1303418040148685,0.28790030412981066,5.420678777923202e-180
360850007003,27.8167756756863,4.0312040269323575,2.462253031937223,4.2290433892391235,0.0013151949595028027,0.8982209059741975
360850007004,33.624921643965834,1.2676674040802443,4.61659503220492,3.049499570749573,0.201009916975881,7.849063548964927e-87
360850020012,33.89093848378646,1.7265057932320644,5.505165396669884,3.2395397370834615,0.23136130489317303,3.552156717582309e-115
360850020022,37.47553106610587,2.474614494700744,2.1185646023184574,6.190906730527729,0.253772431185057,6.01283465038822e-139
360850021002,34.23263337694861,1.280824737735287,12.706258643711635,1.422012554849431,0.5832491483889715,0.0
360850029002,31.786291819506005,3.000347261964035,5.74002641346822,2.4818326325678868,0.4325055652105571,0.0
360850036002,34.99688001853275,1.862599412365908,2.4414798652952063,1.3416421306892223,0.3508331509247288,3.8783511816140574e-272
360850039002,38.913339695528464,2.080402730071512,2.036086662026704,6.679586972586776,0.23024770289527552,4.654194456842566e-114
360850040002,27.82351946808174,2.869473259644252,1.6556642468834468,3.0008577621117185,0.486745235916919,0.0
360850040003,37.79842938459311,3.8887359804534753,4.436101245270521,3.8883813764000448,0.42560731335855806,0.0
360850040004,30.570992265434526,1.3466837067464894,1.8129296860549715,2.708241534215375,0.29437958732038894,1.808848281482911e-188
360850040005,37.69364604213902,2.10661987550705,5.35055770817447,1.3076057674085533,0.2265975552783705,1.9429782252546736e-110
360850177001,27.280531075369893,1.4446337409367516,4.118095281399762,4.262699560610258,0.12941113159572484,1.2862309353869066e-36
360850177003,38.29460345935459,3.2546540982997385,13.298196238321523,2.3709671585266108,0.016215603955133936,0.11476116903727646
360850177002,39.21896451403486,1.966902731510089,1.515800015791001,8.846110096939569,0.1608688655676134,7.095782039817923e-56
360850187011,36.15966051003983,2.4770567458964194,6.622394059075695,1.8985950717886624,0.22502806887910246,6.692941851065454e-109
360850187022,32.5939281768822,1.48889659704912,3.1861769752511577,9.83285552437286,0.03443135580366634,0.0008092587765424048
360850187021,39.13487416181519,4.147475558287283,36.458567122503425,4.479630368573849,0.07825357784416763,2.4933498903842398e-14
360850189012,25.68199628926854,1.6940783049437442,15.369931761294673,2.039863495910293,0.18071841332357785,2.8447437199070466e-70
360850189011,37.295100027257604,1.5730373849027899,6.773461048980238,7.519538037351104,0.363142532822475,7.662270553117092e-293
360850189021,26.476621497444,1.776728482668247,1.4084310864750194,1.0201875899358726,0.33689169875181346,8.749587595830832e-250
360850189022,22.046983163998732,1.657463361179225,1.9011991305940228,1.8899794214433143,0.23098183238551478,8.548973584230462e-115
360850197002,32.83667930975756,1.1747119058930453,19.687737166936707,2.156019847766018,0.1333517850090421,8.555716688424413e-39
360850197001,34.30598975987715,1.2541432565315915,9.991470241887882,1.4748942421174718,0.5840037337691498,0.0
360850201001,38.16317622798192,1.5775099523294784,8.766470819501748,2.6358280000777086,0.33666868529043265,1.9511155612934779e-249
360850201003,39.23544304007811,1.0601376856708953,17.348666679636096,2.5983531194775225,0.32312739807546836,7.977240653021823e-229
360850201002,38.87715638855971,1.3825638611389515,16.956011063914318,1.430312837648481,0.245751079559568,3.7218746545742334e-130
360850207002,37.406858805063024,1.4253235353793237,2.013539556529281,1.4419020820268216,0.2791885638172875,6.056023249588786e-169
360850207001,30.015228747807697,1.5676085398051782,26.827786608143917,3.0750282051342452,0.002612543700616365,0.7994315130757434
360850040006,39.816366795019064,3.7918487726744576,4.592266967350384,5.8391593954317225,0.4734594559517638,0.0
360850040007,36.81595500772781,3.820891782412531,12.332809929493177,3.2482532662965298,0.3759431440811449,2.30289932e-315
360850050003,38.34201363594488,3.8128446344360896,8.723823248819464,2.2759804006958717,0.49345287556052503,0.0
360850067002,37.244703366138054,2.5173883298258204,7.29774104874128,1.853200208554398,0.08157764997589725,1.9097867687982004e-15
360850074002,33.22726216794591,1.0089667894879426,5.480310171547195,6.566034684343435,0.4473864609949807,0.0
360850112023,38.32382375178518,2.7393650841563653,1.9202165862401017,4.243843558538371,0.5167807411199971,0.0
360850128061,26.77051658359352,2.828966829443157,1.2024243598188207,4.431561615824101,0.10770812982495269,8.131028121998158e-26
360850128062,39.86579604604144,2.3979507308019947,4.331874460736742,1.0046614722470224,0.4659733586370407,0.0
360850128063,36.6815031371238,2.1659354664422494,9.001132937913361,1.2016702948786246,0.07853274923278844,2.0175575748831383e-14
360850128064,29.728404332391282,2.9805257937219665,5.245548497839934,1.3553931449549168,0.27216309378900466,2.5344941353750368e-160
360850138003,34.61400993446361,1.1995501076806097,4.8647332538218,18.496411146628866,0.060822802145165895,3.2039388588736797e-09
360850138004,17.46940163229783,2.347564844779555,4.040698933106768,1.2957537465444489,0.06692063312083463,7.237139563031062e-11
360850138005,24.122280695763166,1.5518209357641126,7.189519809319396,4.629933231366309,0.1329091974689137,1.5139152594386471e-38
360850146043,39.50619853435191,3.9945248584919,14.643289875746433,1.0237105381662843,0.2574576221030963,4.291577654550056e-143
360850146044,25.669746404119323,2.3583103145801374,6.180669971672071,1.4476049056272657,0.6393353570192208,0.0
360850208011,39.17597290229793,8.071482060429679,27.053738091569397,24.532191749133062,0.4691849894021614,0.0
360850170081,39.96161060423469,1.252077856138527,17.389021317197518,14.379927856630191,0.5199364037232682,0.0
360850213001,30.530520723829284,1.0369972424182379,11.964497103776052,2.105614538487906,0.1070253470764156,1.6501375573926463e-25
360850213002,35.1771656665134,1.6108405365541785,26.89975944801391,5.274580716321956,0.01162891538847622,0.25805243486663304
360850213003,29.727762898372845,1.038732708122808,3.5017317215884134,1.2011031340775844,0.26716184308924984,2.43599533655414e-154
360850223001,17.295848446994725,1.0392539538516132,17.804529261291968,2.2812960596719165,0.01980314438245398,0.05408688192358922
360850226002,38.415710890547984,8.975228374992824,30.14431555367551,19.30887914668756,0.7246860941412646,0.0
360850226001,38.9054010201873,9.282106959473952,25.652890679869756,25.904192263377727,0.6369193167176675,0.0
360850231001,17.253616853781296,1.014951302873179,3.6955551079276034,1.3282479102710596,0.163108443902834,2.0632786854540217e-57
360850231002,34.15293664679325,2.8716742466500875,1.2496584401136417,1.5437143444113346,0.04703831097240655,4.711597639809238e-06
360850239001,24.18198859438442,1.4118830635301833,11.911809368067145,1.3459366709691665,0.00820479050718414,0.42488856475306963
360850239002,35.181936365659595,1.535107755596659,13.414808231242944,6.131362436160273,0.004029900174631113,0.6951108171481325
360850247002,30.57742433907663,2.186149505895891,5.730513816100796,1.7270266944070016,0.09812337393146978,1.1105509136807625e-21
360850248001,39.639614199271534,6.611446942025264,20.746991900829958,20.52226055680952,0.373302545172376,1.23739165505325e-310
360850248002,28.43875968698569,2.000544977827019,2.5203392976003727,1.9073000080554436,0.7914142529920664,0.0
360850251001,21.68717171395575,2.458318142506954,4.334486360389782,1.5272920861318653,0.062038536147077085,1.5472256912644666e-09
360850251002,37.67094766917924,3.2093371820502625,2.9071467852095907,1.5244040862141333,0.3936725039739868,0.0
360850251003,22.98508290333976,1.4548538865807998,1.1623871871867664,1.3661220698844474,0.5470743821973897,0.0
360850146052,11.81936714058071,1.1328320439231447,5.529488842565627,1.2557706952458147,0.11348570345432592,1.6996909607755395e-28
360850146062,29.150225937861734,3.1617584425967244,5.7682773596345065,1.146109229944841,0.14824947558205964,1.2445330957070844e-47
360850146063,34.122814954512265,4.48453287475938,36.91459053917959,3.032431125424596,0.1448483207950719,1.5758114849821376e-45
360850146064,38.39137147997676,1.2367423017842043,7.901958648800331,19.904468536203147,0.10268428348601022,1.3361332734436602e-23
360850146071,34.738066368434176,1.1003131963834392,10.972175777097348,18.009402656565015,0.41636375076456367,0.0
360850146072,32.950919922827026,1.5523384026750762,6.755653862835047,1.414149076521113,0.4136775255992928,0.0
360850146081,39.6923908077334,1.0516933286180006,1.4937802238673044,23.056471566416263,0.2456258060147307,5.076233927611716e-130
360850146082,37.10954035388838,1.0759395170359483,13.962584483276629,16.40635121313815,0.21800815167669407,3.6069668767770176e-102
360850156032,39.51020997578473,2.0402436613659907,9.463950898598256,2.341440970904614,0.7324462519977736,0.0
360850156033,33.184704114808255,2.6438912176994336,4.041343497097415,2.7844443044125455,0.4614952105359202,0.0
360850170052,27.73462226146222,2.402795263668679,1.0663336348398929,2.2470648444933463,0.46536246778193713,0.0
360850170072,32.134529535708396,1.0553990243615203,5.823181253504401,8.359455094195994,0.3405411353480785,1.5893172301648004e-255
360850170082,38.41271384038184,1.1120799016655116,10.738467194134259,18.025808639982763,0.34109222099007674,2.1259376277757965e-256
360850170083,32.323281963080944,1.6130545528769242,6.419498378545184,1.2641991009159597,0.1825940132787778,1.0050112277114282e-71
360850273012,37.326192928881085,1.0848759532335066,4.048712971926356,1.1136612207772885,0.22040362638136918,1.9338105148935428e-104
360850273011,33.10848121187246,1.3220182177686013,4.338275261322288,2.0982235796111297,0.2081274322640794,4.336434221742397e-93
360850273021,36.37364455902801,1.3432103543534026,10.652011245256894,14.733656409076445,0.09874131453845392,6.173818758775534e-22
360850273022,14.07088084589077,1.360692356352672,6.243885031289295,1.6602148269474668,0.14270014983906912,3.158421950385829e-44
360850303011,39.84086440521466,1.4826189960604952,2.976384177816726,3.5576052246947825,0.2873482575863909,2.7924678234039124e-179
360850277021,25.948290234935822,1.0941418010106465,12.514458371531589,12.870990887148828,0.33238797225185174,8.315396890987143e-243
360850279002,15.106241300297086,1.3726757850011353,3.369412052681625,1.2286710232233027,0.08518689148523113,1.0417655729200767e-16
360850279001,19.42143846503865,1.002105050970266,6.043787249659798,4.227344099998547,0.1740509826829796,3.066796272327631e-65
360850170051,39.10351285679252,7.410990519767665,36.61720129331768,17.194671048407542,0.2682595220900192,1.2148651713854016e-155
360850323001,12.989852579103513,1.8361330737397736,3.1942531862393033,1.8169897913543847,0.00862248802926884,0.40169711784006795
360850112024,32.9734988601304,2.538115339915265,2.639539332557664,5.404567205499234,0.19641289364021228,6.481465599531453e-83
360850226003,37.167887760713256,9.018659991292623,33.262581569260306,19.228705029812424,0.6352728484583855,0.0
360850170102,38.66627227884413,8.526083843697272,36.76546959708291,18.993107765815395,0.10688961593121475,1.8984068027111663e-25
360850170103,36.82370810632915,7.378241103533853,31.364240868521392,15.933374387144465,0.0920100416327579,3.034677062567069e-19
360850170111,25.156454963589056,1.108370413024943,7.309313599217692,2.0668717400212984,0.6490130861378132,0.0
360850170112,31.64868372588228,3.5492188984919437,9.625166085497845,1.7613602499812515,0.30669898413084856,3.3033817094570376e-205
360850170121,36.882105362674466,1.286959933787216,12.86653733830194,7.875740743523092,0.5341258159890129,0.0
360850170122,23.508150905369092,1.1096025107229366,11.550053404152969,1.5669301971853855,0.5147593121816251,0.0
360850170123,24.28438267831922,1.0646826248836023,4.965075477300615,6.405988415352056,0.23083980047591,1.1871263635847947e-114
360850173002,39.46268068262434,3.8428840172187155,1.0830266104430422,2.3499353715956497,0.3494797581030061,6.443874845312886e-270
360850177004,25.545428178071717,1.4540848257970609,3.4755357881536995,1.379382575046975,0.26591657736662655,7.185668972671147e-153
360850177005,39.30203995599712,1.0454040239474836,3.129105775873569,9.82813058922909,0.553895063841795,0.0
360850177006,36.595453528864596,1.4498044390079485,2.102762823953583,3.9571936983713556,0.23043888757451805,2.995303619750398e-114
360850181001,20.4471941511329,1.460191930840253,6.555215690489476,4.817101126464195,0.0003989964866089908,0.9690463901592571
360850187023,38.96215214622886,1.5514964741220183,2.395866240470042,4.438479024480469,0.17869678981838358,1.0026362500968406e-68
360850187024,38.768592284978794,1.110728390332926,11.828622893165914,2.1216362023212563,0.1414569904664249,1.7529097257235442e-43
360850319011,31.591621068813822,1.4724256752718503,14.957050925706113,1.988987656436521,0.022358492520513727,0.029649380851491505
360850319022,24.648899337773884,1.2310260715544814,4.832154509128031,1.0451773237942916,0.038816743183332295,0.00015902294088113208
360850132031,27.722651090770228,1.3075183146589353,10.425707151776965,1.9923549764850321,0.11606358361576441,9.751814961193278e-30
360850146051,29.7796182641398,1.0073504166812768,17.813662760517918,6.989413621498855,0.06300941614548337,8.566155111738842e-10
360850208031,37.742072945924946,9.698461056204508,27.136980294488907,23.511868262150827,0.27784478832039006,2.825170335381433e-167
360850170071,38.25636943744217,2.1631553358925544,12.110256324702107,16.07592038650151,0.16362946927019761,8.993433234763885e-58
360850291041,37.85935327201665,1.7595939911285114,20.274426278498897,2.183481437343926,0.09324109060704461,1.0092540670242175e-19
360850291031,18.11131206487707,1.024219891735072,5.473619342651176,1.449205435506796,0.1302216023409844,4.6453705943085056e-37
360850291032,35.423869567819295,2.4115971208584464,4.748988056030942,1.2241916983615795,0.13579566327837267,3.5358537026728557e-40
360850146041,21.24056693898688,2.0350493236552154,11.669410052242554,1.252398078090721,0.20287465350067257,1.8972134927240427e-88
360850146042,24.642020178583167,1.0883438526276308,1.792341287748613,1.9113998378225858,0.6761329826796512,0.0
360850170091,39.60261807533573,8.524059839578925,34.991184643742145,18.357106505860056,0.20158083691688117,2.5208672064209017e-87
360850170092,37.94219155926939,7.937923220064486,28.570282762283213,20.295235567517793,0.34069010216713935,9.230445800914664e-256
360850198001,39.23831191369038,8.562962244385906,25.344219090900232,22.447432451819395,0.44656431211302794,0.0
360850198002,39.49317343109132,7.788288666720142,18.239499649202138,18.972442335162192,0.582988079952979,0.0
360850198003,29.97548856469379,3.6842980674265937,2.0313374769732064,1.3489813968081563,0.30433538266899673,6.2256037339613205e-202
360850208012,39.57077282300699,8.65668322968222,35.47016408378835,16.767298855962075,0.5191138720879921,0.0
360850208013,39.27286785304659,8.98847003370761,27.953950174319008,19.199802912704996,0.42386307477566837,0.0
360850208014,39.03305515070383,8.59421918826851,31.40593570322259,19.422248447526478,0.29266506439103857,3.3280516049830206e-186
360850208032,39.95321711278632,9.400863818689396,29.614810836736666,23.523689337554952,0.5497607400774643,0.0
360850208042,38.5298163097396,7.762383998498137,30.720799454689853,20.557122908259366,0.16674312010019843,5.938164680224614e-60
360850223002,18.770132036431562,1.1788389465920943,1.971937110949824,1.2205469289811504,0.15434388224453888,1.588781325359095e-51
360850228001,13.955007582876306,1.3422961592857803,1.6403052451321969,4.826531487708621,0.000635493964847267,0.9507182352171577
360850244011,30.93368047796133,4.3390669147672725,2.587513254865712,2.1847618104104356,0.4665421129513361,0.0
360850244012,37.08094942065787,4.89266628350552,3.438539576679659,4.490295922715319,0.6196232859991468,0.0
360850244022,37.46973013003231,7.522166246698734,26.158557044786665,28.065253398552507,0.3910283048418972,0.0
360850247001,28.919154520394642,2.6334500376311496,1.158838911181384,2.3549583231904307,0.06955989184612227,1.2593010187529664e-11
360850277022,28.798635326196234,1.0461639766265591,17.008316146152,4.108861593533284,0.2260715606463578,6.381732219786527e-110
360850277023,22.601416337836582,1.02614808033249,13.875064788477843,8.474074902988463,0.31376376170952597,3.5202294613014267e-215
360850277051,31.147800907385573,1.1953863358849048,15.603033684490697,5.686572059855182,0.1686774285269909,2.4972649450582268e-61
360850277052,31.653257406708377,1.0615318610350073,11.061738806791421,14.50214409048553,0.1771634994492616,1.4529143894057573e-67
360850277053,21.060248745105127,1.398109692283299,11.337046114008444,4.867522765201784,0.16184132960280542,1.5366654292224843e-56
360850277061,24.75056274243559,1.4364020538372415,1.9879647211051719,15.081309293307243,0.07995538373557907,6.779993703841993e-15
360850277062,29.119147487026453,1.204412427984773,13.342432361513678,7.430644375487134,0.13065487530030326,2.687893725669691e-37
360850277063,19.063920722330142,1.1565313612274792,3.5802182484984626,3.649159654820127,0.21513928596046772,1.7412680386662052e-99
360850291022,31.16076613424311,4.491381625660457,39.40763877764829,7.6781849619826446,0.28708520691919265,6.090593544963721e-179
360850291033,33.18552830918776,1.019737684589927,1.1156692351580944,2.9527413486530705,0.3257607828590601,9.453496681490785e-233
360850291034,32.806911477793676,1.146524880699502,2.167029486174144,9.903463707751328,0.06516493482442624,2.233698403601548e-10
360850291035,22.05622464360988,1.3661856305922697,4.950326665572675,3.495846829531814,0.10303447418534865,9.437253008472898e-24
360850291042,28.011426661562012,1.9113767552665308,8.502860302885184,1.3898090281487043,0.14903004865042566,4.030437787220962e-48
360850291043,25.000882510478164,2.489426181227941,2.5570117892847293,1.8394589685631217,0.20834976253079154,2.740686970415949e-93
360850303012,27.035092685673845,1.8451919161189174,4.0287615826435825,1.2681399244214013,0.35053542931943754,1.196899088926071e-271
360850303022,31.964121753354192,1.0377625630912348,14.781989443398635,1.143693462648912,0.15480706041017409,7.915144529339606e-52
360850303023,31.62677392453884,1.5070290400109059,9.57275112862726,1.8058557910695754,0.09207419695002368,2.8665002188475606e-19
360850303024,13.829376015188245,2.234203006172173,2.0138370460949204,2.4534138386198805,0.01272473616457048,0.2158673728354025
360850319012,28.91623507255872,2.098960816616845,1.7099004620327065,1.5379922017919512,0.16583081401526387,2.611805604803546e-59
360850319021,30.51926362841266,1.35837590902986,2.3497635186560117,3.0181708751691616,0.01407682474285092,0.170965866287746
360850213004,36.15930512941607,1.6470653879551804,31.496264635729062,2.0948881452010397,0.014707137598436539,0.1525972643357731
360850213005,29.685585508880138,2.289858421899379,5.216752661233315,1.2658133314143,0.031406978441049546,0.0022488523016821037
