date,cent_name,value,education-Bottom,education-Bottom-lower,education-Bottom-upper,education-Top,education-Top-lower,education-Top-upper
2019-12-30,Betweenness,0.00011248415082745948,9.354428128661474e-05,8.713143013825684e-05,0.0001005331387249658,0.0001930251635660724,0.00015727637573439797,0.00023377051627039168
2019-12-30,In-Degree,551.521032010054,384.87248787248785,354.22572765072766,425.9828482328482,668.2776315789474,582.2288486842104,759.1395888157895
2019-12-30,Out-Degree,551.521032010054,473.7990297990298,460.96489951489946,485.4455821205821,352.5796052631579,338.7289802631579,365.4326151315789
2019-12-30,Total-Degree,1103.042064020108,858.6715176715177,823.0134788634789,898.1267151767153,1020.8572368421053,937.2688322368421,1117.3027467105264
2019-12-30,Self-Visit-Ratio,0.07030982674485242,0.08478161600767954,0.08207401170503534,0.0874852486731824,0.09869925168814606,0.0955095911951308,0.10179481966281129
2020-01-06,Betweenness,0.00011342296489797315,9.628761531621533e-05,8.894474598326153e-05,0.0001032103909028579,0.00020153435739859288,0.00016297523273878966,0.0002442944597707719
2020-01-06,In-Degree,619.3852065321806,449.3086505190311,413.96479238754324,492.18455017301034,836.0598290598291,740.5349769888231,941.9163379355688
2020-01-06,Out-Degree,619.3852065321806,567.8173010380623,552.3330795847751,582.8159342560554,409.5115055884287,395.3391354372124,424.18208415516114
2020-01-06,Total-Degree,1238.7704130643613,1017.1259515570935,980.7482525951557,1060.6080103806228,1245.5713346482578,1143.5784352399737,1370.1707264957265
2020-01-06,Self-Visit-Ratio,0.06872269625538298,0.08322463137727176,0.08065993041929456,0.08584892255758564,0.092701478795973,0.08968376174199424,0.09566624588332419
2020-01-13,Betweenness,0.00011169929996388337,9.724627782343443e-05,9.090599244829806e-05,0.00010425050190999281,0.00018995309648228183,0.00015715113950437492,0.0002299539237565276
2020-01-13,In-Degree,571.5321685052195,413.44005544005546,381.43847886347885,451.0392065142065,745.1168745896257,659.1658076165463,839.2151674326985
2020-01-13,Out-Degree,571.5321685052195,519.7498267498268,506.49312196812195,534.1388946638948,360.27248850952066,348.52330925804335,371.58021996060404
2020-01-13,Total-Degree,1143.064337010439,933.1898821898822,900.2396223146222,969.7691268191269,1105.3893630991465,1015.3186802363756,1205.9410702560735
2020-01-13,Self-Visit-Ratio,0.07213092771816218,0.09016408937492568,0.0871895060787906,0.09312773574600079,0.093842715366593,0.090741366016592,0.09719747727136294
2020-01-20,Betweenness,0.00011146842959928339,9.939924937718978e-05,9.218575137595162e-05,0.00010728986563013415,0.00018200956137658653,0.00015019183797987965,0.0002193819223118529
2020-01-20,In-Degree,566.3417852906288,402.45208333333335,368.0309722222222,438.54171875000003,708.4358974358975,630.5694444444446,795.4288297172913
2020-01-20,Out-Degree,566.3417852906288,501.1736111111111,488.5728819444444,513.9193229166666,352.0927021696252,339.57810650887575,364.5555719921104
2020-01-20,Total-Degree,1132.6835705812575,903.6256944444444,867.9284201388889,940.923263888889,1060.5285996055227,977.5656969099276,1152.9874424720576
2020-01-20,Self-Visit-Ratio,0.07328145179838531,0.0942077484837138,0.0911217930746392,0.09731513361108095,0.0966099321611857,0.09347732910716297,0.09984197708567102
2020-01-27,Betweenness,0.00011071765442259816,0.0001023621166644924,9.464991778294832e-05,0.0001098602094861561,0.0001797092821058708,0.0001498160544367189,0.0002111530665385723
2020-01-27,In-Degree,567.494,420.97297297297297,387.6226264726265,454.05634095634093,734.3159973666886,656.2703258722844,822.9297235023041
2020-01-27,Out-Degree,567.494,530.6015246015246,517.3172557172558,545.19281011781,350.93087557603684,337.7931369321922,363.88265306122446
2020-01-27,Total-Degree,1134.988,951.5744975744976,917.0419438669438,990.7310291060292,1085.2468729427255,1002.9370803159974,1178.1005595786703
2020-01-27,Self-Visit-Ratio,0.06480337700675382,0.08020138846494997,0.0773687653668396,0.08345867964662199,0.07984095977683701,0.07697284735989003,0.0828399048635044
2020-02-03,Betweenness,0.00010944618549856072,0.00010034158995688187,9.295088210212052e-05,0.0001076528658691155,0.00017565214889719795,0.00014840031798123716,0.00020669243307782647
2020-02-03,In-Degree,527.6174964754767,383.25882352941176,353.3902249134948,417.74129757785465,680.7041420118343,614.756755424063,761.1394641683102
2020-02-03,Out-Degree,527.6174964754767,487.1536332179931,474.0169204152249,500.52524221453285,319.1761998685076,307.5388888888889,331.061291913215
2020-02-03,Total-Degree,1055.2349929509535,870.4124567474048,836.5482525951556,909.7629411764705,999.8803418803419,926.3341715976331,1083.757067718606
2020-02-03,Self-Visit-Ratio,0.033487522323957714,0.029881910543221205,0.02838272503657565,0.03147908054666505,0.02762140069798795,0.026136977608294424,0.0292721996438375
2020-02-10,Betweenness,0.00010840715186595736,0.00010008965043787741,9.239680315960779e-05,0.00010761955949779883,0.00016827115700958334,0.0001406008085590225,0.0001962600955977689
2020-02-10,In-Degree,503.1468578220175,352.08183079056863,324.4950069348128,385.0184812760056,636.8286090969018,566.9430290046143,709.742303889255
2020-02-10,Out-Degree,503.1468578220175,449.1095700416089,436.40556518724,461.2362517337032,298.3572841133817,287.6318721160184,310.0971654581411
2020-02-10,Total-Degree,1006.293715644035,801.1914008321776,766.3092926490984,835.628987517337,935.1858932102834,863.2907547791694,1014.0841463414635
2020-02-10,Self-Visit-Ratio,0.030669313482719084,0.025780167664126576,0.024069546172693593,0.027915867626961768,0.022751239693170593,0.021267659518926185,0.024325753980769475
2020-02-17,Betweenness,0.00010774315887140315,9.199737038006228e-05,8.528211574293158e-05,9.986432472447802e-05,0.0001645093334518424,0.0001378666467669233,0.0001954027019785656
2020-02-17,In-Degree,474.83518036444775,304.8653712699514,276.65109299097844,342.3276544066621,572.1165240289664,505.71556945358793,638.4119157340356
2020-02-17,Out-Degree,474.83518036444775,389.3337959750173,378.15787647467033,400.90057251908394,276.449637919684,266.08936800526664,287.9982389730086
2020-02-17,Total-Degree,949.6703607288955,694.1991672449687,661.8867973629425,729.9343858431645,848.5661619486505,783.2566161948652,920.8134792626728
2020-02-17,Self-Visit-Ratio,0.02997766388350216,0.024971856980226265,0.023469395374759863,0.026475013544277767,0.02284851874103828,0.021281308363680602,0.0245195879531086
2020-02-24,Betweenness,0.00011079505023957351,9.986204181463201e-05,9.090531838700598e-05,0.00011023905241442078,0.00018775983910469931,0.00014938942777691067,0.00023597550609643245
2020-02-24,In-Degree,544.3684015695566,400.83540802213,367.1404910096819,439.7830221300138,721.7906517445688,646.0887261356156,803.6163923633969
2020-02-24,Out-Degree,544.3684015695566,513.7309820193638,497.921887966805,529.6113243430152,343.47531270572745,329.356616194865,358.3282916392364
2020-02-24,Total-Degree,1088.7368031391131,914.5663900414938,876.732295988935,957.5612033195019,1065.2659644502962,981.5521395655037,1159.7388248847928
2020-02-24,Self-Visit-Ratio,0.06385786959166466,0.07330823510785386,0.0706231229671924,0.07641695358890176,0.08643349143894648,0.08334267825079626,0.08980842296712285
2020-03-02,Betweenness,0.00010808390627766595,0.00010147177711886637,9.360680711842191e-05,0.00010976975349645536,0.00017486788913070094,0.0001431654167233889,0.00021282357502574938
2020-03-02,In-Degree,537.0127482952861,394.6643598615917,360.3252249134948,432.8306055363322,684.8685075608153,609.6435733070349,761.3038297172911
2020-03-02,Out-Degree,537.0127482952861,500.81245674740484,486.5525259515571,514.5594809688581,331.15121630506246,317.46854043392506,345.00736357659434
2020-03-02,Total-Degree,1074.0254965905722,895.4768166089965,860.456384083045,937.1898615916955,1016.0197238658777,940.4654996712688,1104.7190006574622
2020-03-02,Self-Visit-Ratio,0.052427422092197515,0.055502256097032625,0.05297260624528523,0.058160818469992825,0.0629959794216358,0.059842445208534184,0.06609214582247915
2020-03-09,Betweenness,0.00010340886132292406,0.00010266627456804135,9.426919096496205e-05,0.0001117772080068515,0.00016336953017476915,0.00013216299360220858,0.0002034292819321675
2020-03-09,In-Degree,480.3305423829283,370.4899792674499,340.4987906012439,405.771406357982,562.5688859591298,512.5895847066579,623.1693473961766
2020-03-09,Out-Degree,480.3305423829283,469.95438838977196,456.57418797512094,484.4590877677954,279.31114040870136,267.32213249835195,291.4770599868161
2020-03-09,Total-Degree,960.6610847658566,840.4443676572218,806.9086903939185,878.2467346233586,841.8800263678312,782.23216875412,903.0992254449571
2020-03-09,Self-Visit-Ratio,0.0613794036908233,0.06418651078126959,0.06142235353337325,0.06724674938642436,0.07694922963906853,0.0737905910438404,0.08010581784377287
2020-03-16,Betweenness,7.381257881595411e-05,8.985166999700803e-05,8.354310395824378e-05,9.61318621421102e-05,9.275351862057873e-05,7.415788054665094e-05,0.00011687031372711003
2020-03-16,In-Degree,245.06414363406094,230.6349757113116,213.58334489937545,249.8722588480222,243.01382488479263,222.0483048057933,265.3328505595787
2020-03-16,Out-Degree,245.06414363406094,273.734906315059,265.56858084663423,282.2887404580153,124.39565503620803,118.40077353522054,130.70317643186306
2020-03-16,Total-Degree,490.1282872681219,504.3698820263706,486.0536086051353,527.2125086745316,367.40947992100064,344.50949637919683,392.3463627386439
2020-03-16,Self-Visit-Ratio,0.0961763387821403,0.10644995339289284,0.10241844274465547,0.11088548724348053,0.15432425330655491,0.14825955601419527,0.16048090209967164
2020-03-23,Betweenness,4.903355663462083e-05,6.493278989058743e-05,6.025527157653512e-05,6.9859831320913e-05,5.242928109826608e-05,4.141227088478331e-05,6.67401415185485e-05
2020-03-23,In-Degree,168.3377225796798,155.08862526168878,143.95549546406139,166.98215282623866,147.41875825627477,136.26918758256272,159.17440554821664
2020-03-23,Out-Degree,168.3377225796798,181.51430565247733,175.9522679692952,187.36554431263085,76.13077939233818,71.6710535006605,81.18302509907531
2020-03-23,Total-Degree,336.6754451593596,336.6029309141661,323.86383461270066,350.3875261688765,223.54953764861295,210.26998018494058,237.7562747688243
2020-03-23,Self-Visit-Ratio,0.1397458698581705,0.16091887847808883,0.15529457030749344,0.16665148155673717,0.24491069610974572,0.2360805298335998,0.25473302131320136
2020-03-30,Betweenness,4.5140267424163866e-05,5.8913987931453336e-05,5.4069563667824927e-05,6.391165939802928e-05,4.4133141713467234e-05,3.5456235741112673e-05,5.390866420591042e-05
2020-03-30,In-Degree,163.96578829166043,144.96573426573426,134.18489510489513,158.65456293706293,126.28250825082509,117.21955445544555,136.6239108910891
2020-03-30,Out-Degree,163.96578829166043,169.12867132867132,163.6811888111888,174.7513111888112,72.15181518151815,68.04620462046205,76.65374587458746
2020-03-30,Total-Degree,327.93157658332086,314.0944055944056,300.7970979020979,328.5310314685315,198.43432343234323,187.0889273927393,209.87554455445544
2020-03-30,Self-Visit-Ratio,0.12705521686256763,0.14889383473083154,0.14314550650442814,0.15518372219113954,0.20783072493739618,0.19922683204356198,0.21633534481998995
2020-04-06,Betweenness,4.1558837558501996e-05,5.324339926401859e-05,4.899601478841453e-05,5.7875794785777336e-05,3.928658049848296e-05,3.2530067320252e-05,4.7508122173322714e-05
2020-04-06,In-Degree,154.79126722588376,131.36750348675034,120.67597629009762,143.05076708507673,113.35780423280423,105.705291005291,121.62450396825396
2020-04-06,Out-Degree,154.79126722588376,150.80125523012552,145.87834728033474,155.72065899581588,67.81216931216932,64.18677248677248,71.91107804232804
2020-04-06,Total-Degree,309.5825344517675,282.16875871687586,270.73298465829845,295.5581241283124,181.16997354497354,171.63801256613758,192.14561838624337
2020-04-06,Self-Visit-Ratio,0.11531075857951499,0.13311239292451008,0.1276587411066148,0.13899635982599318,0.19358363718240265,0.1849815507390541,0.20159511561552015
2020-04-13,Betweenness,4.043173373379421e-05,5.1666787785311075e-05,4.7681354721601084e-05,5.5680191740493656e-05,3.675689486608849e-05,3.0493055636271405e-05,4.402704390823277e-05
2020-04-13,In-Degree,154.08301404853128,130.04117236566643,118.86629448709002,142.90172714584787,110.83957922419461,103.43249506903355,119.17841880341881
2020-04-13,Out-Degree,154.08301404853128,151.87369155617586,147.2613398464759,157.12445917655268,67.67784352399737,63.951873767258384,71.3542899408284
2020-04-13,Total-Degree,308.16602809706256,281.9148639218423,268.9725575715282,295.4820655966504,178.517422748192,168.98328402366863,188.12965154503615
2020-04-13,Self-Visit-Ratio,0.1166946014390953,0.13699323620102416,0.1316811948959871,0.1426606731821193,0.20057312137409528,0.19214291125355246,0.20936426829954266
2020-04-20,Betweenness,4.763949942697847e-05,6.057107428202076e-05,5.594612261582977e-05,6.498215714071406e-05,4.3493852047576556e-05,3.676681151691309e-05,5.139811886578352e-05
2020-04-20,In-Degree,166.59280047897022,144.0653231410702,132.95602849200836,157.14881862404448,123.59180977542933,114.31141017173053,132.71149273447818
2020-04-20,Out-Degree,166.59280047897022,165.07852675469076,160.4607192494788,169.87376650451705,72.90488771466315,69.27093791281374,76.95468956406869
2020-04-20,Total-Degree,333.18560095794044,309.1438498957609,295.89112230715773,323.52222029186936,196.49669749009246,185.3413969616909,208.682463672391
2020-04-20,Self-Visit-Ratio,0.11746063741375173,0.13855319948679207,0.1333388030437983,0.14400195243485725,0.20884168074727816,0.20076457926971383,0.2175886916978657
2020-04-27,Betweenness,5.648038502024372e-05,7.094790930793626e-05,6.534150109776256e-05,7.683705012801115e-05,5.2968282711325804e-05,4.369373289369243e-05,6.353700465751386e-05
2020-04-27,In-Degree,191.33546706363975,161.5236111111111,148.73473958333335,177.20305555555552,139.73684210526315,129.7717434210526,150.65019736842106
2020-04-27,Out-Degree,191.33546706363975,185.98055555555555,180.69421874999998,191.6836111111111,83.54868421052632,79.46384868421053,88.37478618421052
2020-04-27,Total-Degree,382.6709341272795,347.50416666666666,332.99522569444446,363.94440972222225,223.28552631578947,211.24746710526318,235.85465460526316
2020-04-27,Self-Visit-Ratio,0.10716059061719878,0.1255725496370267,0.1207885820623097,0.13013051567524023,0.18222426211157228,0.17456605323296334,0.19010770143825712
2020-05-04,Betweenness,6.19507862860644e-05,7.609532611060577e-05,7.088703043708786e-05,8.17795509694424e-05,5.566142860876922e-05,4.665814057232893e-05,6.54284032698162e-05
2020-05-04,In-Degree,206.68335568469678,168.78571428571428,155.21697295423024,184.0497226074896,146.56972901520157,136.0045274289491,157.2773793787178
2020-05-04,Out-Degree,206.68335568469678,192.50762829403607,186.6503987517337,198.79127947295422,84.35228023793788,79.82448777263714,89.12853602115004
2020-05-04,Total-Degree,413.36671136939356,361.29334257975034,346.7617718446602,379.15934466019417,230.92200925313946,218.81520158625247,243.77513218770656
2020-05-04,Self-Visit-Ratio,0.06703565958644224,0.0721708204533064,0.06875412070116521,0.07544414141757802,0.09578188630736308,0.09073406335181203,0.10118216752018923
2020-05-11,Betweenness,6.458681487218493e-05,7.835404769141968e-05,7.333112346594739e-05,8.453226461945226e-05,5.7465772901504116e-05,4.899127096931379e-05,6.825270594058168e-05
2020-05-11,In-Degree,214.2685288640596,171.50451075641917,158.14675572519087,187.75742539902842,155.22595520421606,144.56416337285904,166.62590579710144
2020-05-11,Out-Degree,214.2685288640596,198.91325468424705,193.04253990284525,204.97395905621096,90.23056653491436,85.61661725955204,94.9792160737813
2020-05-11,Total-Degree,428.5370577281192,370.4177654406662,354.9858084663428,388.33067314365024,245.45652173913044,231.92811264822134,259.750082345191
2020-05-11,Self-Visit-Ratio,0.06466289999763042,0.06627089280591168,0.06339385831881587,0.06935724335012361,0.0902381700461724,0.0850975572033428,0.09617935929011066
2020-05-18,Betweenness,6.918126430300114e-05,8.11988198557598e-05,7.616712140413612e-05,8.686511061259629e-05,6.332268040818796e-05,5.3031193155096736e-05,7.656669325271168e-05
2020-05-18,In-Degree,226.5672340741842,181.81597222222223,166.96171875,198.7654340277778,164.04749340369392,152.53110158311347,176.53878627968336
2020-05-18,Out-Degree,226.5672340741842,208.69583333333333,202.48923611111113,215.09508680555552,94.20778364116094,89.49600923482849,98.97984828496043
2020-05-18,Total-Degree,453.1344681483684,390.51180555555555,373.89725694444445,408.83711805555555,258.2552770448549,244.33649406332452,273.6315468337731
2020-05-18,Self-Visit-Ratio,0.0682582945890616,0.07166301552578884,0.06879675970538753,0.07474324646659082,0.09898959916254367,0.09310700869450307,0.1047688556547759
2020-05-25,Betweenness,7.311794158693621e-05,8.574866001117331e-05,8.017647483806806e-05,9.211884635613875e-05,6.713524275024964e-05,5.7040535666275316e-05,7.968170121426749e-05
2020-05-25,In-Degree,239.74131532066508,192.34628730048578,177.818893129771,210.79594031922275,174.49177090190915,162.57569124423966,187.3836570111916
2020-05-25,Out-Degree,239.74131532066508,224.99653018736987,217.768893129771,231.83317140874394,104.10862409479921,98.84333443054642,109.81645819618169
2020-05-25,Total-Degree,479.48263064133016,417.34281748785565,399.68877515614156,437.26353226925744,278.60039499670836,264.2299045424621,295.4726135615536
2020-05-25,Self-Visit-Ratio,0.06992150635117493,0.0748713096673793,0.07201222604581024,0.07797527190994455,0.09824250830093245,0.09310533320249922,0.10387092560256773
2020-06-01,Betweenness,7.592926194515857e-05,8.740088938479377e-05,8.11931094687176e-05,9.374453854491299e-05,6.942837239215523e-05,5.7532752979717536e-05,8.337569063103456e-05
2020-06-01,In-Degree,250.37597503900156,193.00901525658807,177.92697642163662,209.16308945908457,179.9512516469038,167.21361989459817,194.43438735177867
2020-06-01,Out-Degree,250.37597503900156,225.56518723994452,218.67740984743412,232.55755894590848,101.71343873517786,96.59678853754941,107.20889328063241
2020-06-01,Total-Degree,500.7519500780031,418.5742024965326,401.574826629681,438.8774791955617,281.6646903820817,265.30331027667984,297.57168972332016
2020-06-01,Self-Visit-Ratio,0.04998583471791227,0.047063463922102616,0.04483379065314262,0.0492455394032967,0.05761692760023652,0.053269165846735946,0.06247148857809111
2020-06-08,Betweenness,7.998152028585743e-05,8.756066069610641e-05,8.1645412327634e-05,9.328465797968419e-05,7.564718481756703e-05,6.422889211290957e-05,8.954477015214653e-05
2020-06-08,In-Degree,274.72510019296425,207.78016643550623,191.00918862690708,227.1654993065187,199.2258064516129,185.28643844634627,214.41642527978934
2020-06-08,Out-Degree,274.72510019296425,243.84119278779474,236.48077323162272,251.74311719833565,112.72021066491112,107.11507570770243,118.8610599078341
2020-06-08,Total-Degree,549.4502003859285,451.621359223301,432.6162968099862,471.9701282940361,311.94601711652405,294.83339368005267,328.7501316655695
2020-06-08,Self-Visit-Ratio,0.050487552470626855,0.04854684401948886,0.046315711338213716,0.051010194273832,0.060586319993139987,0.05658912120034461,0.06482451737828006
2020-06-15,Betweenness,8.404966245134643e-05,8.842963354710957e-05,8.304781582898166e-05,9.460797440812015e-05,8.073338525653962e-05,6.788312780833862e-05,9.625890972577431e-05
2020-06-15,In-Degree,299.8559667729734,210.51108033240996,193.11866343490306,231.60370498614958,208.2046204620462,192.4154125412541,224.92874587458743
2020-06-15,Out-Degree,299.8559667729734,248.57963988919667,241.20062326869805,255.88372576177287,118.44950495049505,112.45457095709571,124.98998349834983
2020-06-15,Total-Degree,599.7119335459467,459.09072022160666,440.06052631578945,479.1775450138505,326.65412541254125,309.3627887788779,346.60612211221115
2020-06-15,Self-Visit-Ratio,0.04600654785499218,0.044400256991200586,0.04223807530212954,0.046629010129118166,0.049880759902455656,0.04675819103357408,0.0528298889757959
2020-06-22,Betweenness,8.800466186860874e-05,9.29916101459276e-05,8.662033029634361e-05,0.00010007925917064984,8.567483059102789e-05,7.105678682681549e-05,0.00010202398274229608
2020-06-22,In-Degree,321.4522926250186,226.1038062283737,206.30245674740485,247.48524221453286,232.57575757575756,215.3733695652174,252.16282938076418
2020-06-22,Out-Degree,321.4522926250186,270.6166089965398,262.8871453287197,279.0593944636678,130.17588932806325,123.32928194993413,136.9778162055336
2020-06-22,Total-Degree,642.9045852500371,496.7204152249135,475.34586505190316,520.0110726643599,362.7516469038208,342.9386198945981,383.58621541501975
2020-06-22,Self-Visit-Ratio,0.04517545174835074,0.04351657668051091,0.041574099616925035,0.0454764930211078,0.05276571560150246,0.04907344332002964,0.056165785060381765
2020-06-29,Betweenness,8.865246293002597e-05,9.048787757394791e-05,8.458620961638011e-05,9.642430836203667e-05,8.906075427620118e-05,7.516139183278006e-05,0.00010616026778656843
2020-06-29,In-Degree,317.76590387321335,221.6770616770617,202.3315142065142,244.42170824670825,226.79605263157896,207.51210526315788,246.22973684210524
2020-06-29,Out-Degree,317.76590387321335,268.93208593208595,260.7522522522522,276.5545738045738,131.59144736842106,124.71730263157895,138.8502138157895
2020-06-29,Total-Degree,635.5318077464267,490.6091476091476,470.3135308385308,512.9019577269577,358.3875,337.76700657894736,379.9319901315789
2020-06-29,Self-Visit-Ratio,0.04664606013529763,0.04633467183836404,0.04383461554493147,0.04898353778405869,0.06002760296875966,0.05568327785438563,0.063788778764914
2020-07-06,Betweenness,8.639056232655085e-05,8.50425618768421e-05,7.929915410689096e-05,9.10782305189723e-05,8.45641639428176e-05,7.176324350419298e-05,9.939210227989807e-05
2020-07-06,In-Degree,309.81341625944026,207.08431237042157,188.24120594333104,229.43899447131997,224.56747860434496,206.4939598420013,244.5651086240948
2020-07-06,Out-Degree,309.81341625944026,251.16033172080165,243.4817380787837,258.54680373185903,124.92955892034233,118.34657669519422,131.76596445029625
2020-07-06,Total-Degree,619.6268325188805,458.2446440912232,437.92178645473393,482.85366275051825,349.4970375246873,327.20176102699145,370.4825049374589
2020-07-06,Self-Visit-Ratio,0.044217533406312945,0.04446497063790327,0.042031338814557576,0.04729062818064729,0.05258799673475074,0.04856590774801527,0.056854773250146255
2020-07-13,Betweenness,9.136661557304443e-05,8.883228272300606e-05,8.258658244460582e-05,9.52964541713995e-05,9.385334855874282e-05,7.940010531417972e-05,0.0001111717537596802
2020-07-13,In-Degree,328.17848410757944,217.3423236514523,198.7454529737206,239.48220954356844,242.90513833992094,223.04586627140975,264.7306324110672
2020-07-13,Out-Degree,328.17848410757944,267.5048409405256,260.01912171507604,275.4542012448133,134.7094861660079,127.28623188405797,141.7786231884058
2020-07-13,Total-Degree,656.3569682151589,484.84716459197784,464.6743948824343,508.2231846473029,377.6146245059289,355.36083662714094,398.8168972332016
2020-07-13,Self-Visit-Ratio,0.04315509860046203,0.041511098670944276,0.039436953392312256,0.04351169844078389,0.051398570229836536,0.04781667667278133,0.05514547572098149
2020-07-20,Betweenness,9.248970003476933e-05,9.154404787064231e-05,8.494282651145307e-05,9.85323118236331e-05,9.484466040639744e-05,7.90019243028318e-05,0.00011190330086238733
2020-07-20,In-Degree,330.42500924898263,222.81786703601108,203.2167590027701,244.34735110803325,249.5049374588545,229.2065503620803,271.02715602369983
2020-07-20,Out-Degree,330.42500924898263,270.7638504155125,263.2594875346261,279.4881232686981,136.59907834101384,129.3342495062541,143.52676102699144
2020-07-20,Total-Degree,660.8500184979653,493.58171745152356,471.846987534626,516.9051246537397,386.1040157998683,361.9215273206057,410.3434331797235
2020-07-20,Self-Visit-Ratio,0.04261492682916129,0.04279978573333741,0.04042979861483019,0.045295082177287165,0.049158991190509434,0.045534041703400134,0.05270124475082785
2020-07-27,Betweenness,9.289409904983152e-05,9.064634360089199e-05,8.41126260712722e-05,9.745484312793878e-05,9.682922617922303e-05,8.151941938192166e-05,0.00011477548296058736
2020-07-27,In-Degree,335.9912676681714,225.62603878116343,206.85185249307477,249.6457583102493,255.80736357659435,234.9728468113084,275.8850920447075
2020-07-27,Out-Degree,335.9912676681714,272.5498614958449,264.47695637119114,281.3493247922438,141.25904010519395,134.29447731755423,148.91015779092703
2020-07-27,Total-Degree,671.9825353363428,498.17590027700834,478.06002423822713,522.0916551246537,397.0664036817883,375.335009861933,419.57629848783694
2020-07-27,Self-Visit-Ratio,0.04825981113324373,0.04808835838970584,0.04548354781428227,0.050643267577631074,0.06996565130563798,0.06586562957829484,0.07395575623130016
2020-08-03,Betweenness,9.362638048716616e-05,9.052073490923759e-05,8.331454675359247e-05,9.7953898441078e-05,0.00010181988164925806,8.525825243718188e-05,0.00012300116490353925
2020-08-03,In-Degree,332.7214832429219,223.36041666666668,204.0062847222222,245.69432291666666,259.7324966974901,238.3266512549538,283.1764365918098
2020-08-03,Out-Degree,332.7214832429219,268.20694444444445,260.24541666666664,276.23967013888887,142.1651254953765,134.59676354029062,149.61733817701455
2020-08-03,Total-Degree,665.4429664858438,491.5673611111111,468.58163194444444,515.39265625,401.8976221928666,377.52666776750334,428.2565224570674
2020-08-03,Self-Visit-Ratio,0.04479068222286026,0.04187686782900409,0.03961791018849269,0.04413347852387742,0.05090123009089379,0.04746432620632084,0.05402838306437341
2020-08-10,Betweenness,9.260202125003218e-05,8.537263302980746e-05,7.911534227008004e-05,9.258397894098832e-05,9.698110201346012e-05,7.948824424576408e-05,0.0001187010489667079
2020-08-10,In-Degree,325.85198958720713,207.35421016005566,188.93770006958943,227.998295059151,245.13804491413475,225.4130779392338,266.54398943196827
2020-08-10,Out-Degree,325.85198958720713,248.87056367432152,241.14594641614474,256.287543493389,136.49273447820343,128.74678005284017,144.60064398943194
2020-08-10,Total-Degree,651.7039791744143,456.2247738343772,435.5534620737648,478.1490605427975,381.6307793923382,357.76157529722593,405.8412978863937
2020-08-10,Self-Visit-Ratio,0.041856617386866905,0.04052158323282738,0.038388631027277034,0.042830853285645405,0.04905484456487547,0.04539714123914614,0.05257288847168941
2020-08-17,Betweenness,9.703938837467098e-05,8.913398386036784e-05,8.203039467861574e-05,9.665668482838804e-05,0.00010491238283533398,8.626979312543134e-05,0.00013121777543789517
2020-08-17,In-Degree,341.17033948779033,217.482254697286,197.97651356993737,242.5462595685456,264.15003304692664,243.30596497025775,285.5061797752809
2020-08-17,Out-Degree,341.17033948779033,263.9526791927627,256.0462943632568,271.40850730688936,146.92861863846662,139.59310971579643,155.80330469266357
2020-08-17,Total-Degree,682.3406789755807,481.43493389004874,459.5827244258873,505.7981036882394,411.07865168539325,385.77752808988765,436.90660938532716
2020-08-17,Self-Visit-Ratio,0.04133480683270147,0.04284138160477344,0.04013906171875729,0.045970318760836584,0.044137318438505393,0.040918966032433744,0.04770509694341857
2020-08-24,Betweenness,9.234669122370253e-05,8.379658320295751e-05,7.793542632867486e-05,9.093922227765137e-05,9.934054025410401e-05,8.012907140513997e-05,0.0001234829025945788
2020-08-24,In-Degree,319.860821673117,200.57777777777778,182.47305555555556,222.73710069444445,245.3245208195638,226.11619299405154,266.4218440185063
2020-08-24,Out-Degree,319.860821673117,241.975,234.37328125,249.5767361111111,135.36880370125579,128.11530072703238,143.71216126900197
2020-08-24,Total-Degree,639.721643346234,442.5527777777778,422.44453125,464.65243055555555,380.69332452081954,356.95345340383346,404.7433575677462
2020-08-24,Self-Visit-Ratio,0.041122330803289295,0.04029218023589979,0.03825972955532221,0.042434917284317995,0.047398485192893386,0.043936089170938615,0.05099322342465767
2020-08-31,Betweenness,9.568256667864534e-05,8.851254713931581e-05,8.21098209213899e-05,9.594859994222776e-05,0.00011305412646229775,8.964142338128964e-05,0.00014619939104632018
2020-08-31,In-Degree,340.7029378951283,217.5295755045233,198.50885525400142,240.5372477383438,266.81349206349205,244.8359126984127,290.760830026455
2020-08-31,Out-Degree,340.7029378951283,262.7160751565762,255.1034272790536,270.4698155880306,152.27910052910053,143.53693783068783,162.36868386243387
2020-08-31,Total-Degree,681.4058757902566,480.2456506610995,459.14878218510785,503.04295407098124,419.0925925925926,394.32341269841265,446.19457671957673
2020-08-31,Self-Visit-Ratio,0.044077185586824344,0.04400717654825567,0.04111892749724143,0.047202798840740565,0.05270069452324158,0.049474465149944906,0.056458805786646686
2020-09-07,Betweenness,9.450798565159671e-05,8.909968367700473e-05,8.123255744119299e-05,9.859177924416556e-05,0.00011453155057100749,9.023172488370151e-05,0.00014695282821644472
2020-09-07,In-Degree,339.1708187699859,217.49791086350976,197.72188370473538,241.5619951253482,272.7155115511551,251.01872937293732,296.32473597359734
2020-09-07,Out-Degree,339.1708187699859,257.6483286908078,249.74996518105849,264.8653029247911,156.51749174917492,147.83227722772276,167.32808580858085
2020-09-07,Total-Degree,678.3416375399718,475.14623955431756,453.4766713091922,500.6234679665738,429.23300330033004,403.4262376237624,457.834801980198
2020-09-07,Self-Visit-Ratio,0.04498100583428069,0.044676063032178574,0.04246006064426774,0.046745231696810816,0.05191164907165109,0.0488209532672871,0.055207742593979786
2020-09-14,Betweenness,9.14853383927748e-05,8.67761559224944e-05,7.976389824340902e-05,9.462967318112821e-05,0.00011246108614866743,8.847361887993844e-05,0.00014633874041205825
2020-09-14,In-Degree,317.8974530831099,207.45944055944057,188.50405594405595,229.61267482517482,268.0059405940594,246.37706270627064,289.8627227722772
2020-09-14,Out-Degree,317.8974530831099,244.2041958041958,236.96748251748252,251.44928321678321,144.94323432343234,136.75600660066007,154.27245874587456
2020-09-14,Total-Degree,635.7949061662198,451.6636363636364,431.157465034965,474.32370629370627,412.94917491749175,388.3395214521452,438.6928877887789
2020-09-14,Self-Visit-Ratio,0.04443178178306041,0.04331824907321029,0.04099675064513343,0.04562461299667014,0.050314567955290324,0.04722227314088671,0.053563654297668885
2020-09-21,Betweenness,9.398319508078057e-05,8.672169424144633e-05,7.87373506730301e-05,9.448905072196738e-05,0.00011260076521180677,8.999759025205963e-05,0.00014470545500575035
2020-09-21,In-Degree,328.7200178664483,212.83623693379792,194.26162020905923,236.32355400696864,280.71532364597095,257.89658190224566,306.2558784676354
2020-09-21,Out-Degree,328.7200178664483,249.16585365853658,241.18409407665504,256.83104529616725,151.0660501981506,142.65008256274768,160.39180977542932
2020-09-21,Total-Degree,657.4400357328966,462.00209059233447,441.9285714285714,486.84331010452956,431.78137384412156,405.6079425363276,463.71938573315714
2020-09-21,Self-Visit-Ratio,0.04444940327886252,0.04351131369358473,0.04128755579664407,0.04606109811757742,0.050448254699152116,0.04731859142840861,0.053599434186637186
2020-09-28,Betweenness,9.273010370836271e-05,8.18160170711549e-05,7.557172525686427e-05,8.95344974271951e-05,0.0001193036768309439,9.540985304553869e-05,0.0001490567971236786
2020-09-28,In-Degree,329.5068186899173,209.76589797344513,190.45148497554158,231.65836827393431,281.05742574257425,258.5460561056106,309.93777227722774
2020-09-28,Out-Degree,329.5068186899173,247.04332634521313,239.68233752620546,254.90674353598882,157.96039603960395,150.19249174917493,166.62661716171618
2020-09-28,Total-Degree,659.0136373798346,456.80922431865827,435.31774982529697,482.5140286512928,439.0178217821782,412.8725577557755,467.3009570957096
2020-09-28,Self-Visit-Ratio,0.05010538518987269,0.05094490293719567,0.04815129159319691,0.05414518077099225,0.0748992159193337,0.07140522456624537,0.07845137919705407
2020-10-05,Betweenness,9.438384267355468e-05,8.520214717717824e-05,7.753876810369701e-05,9.470002238681113e-05,0.00012459379439536445,9.865402987065704e-05,0.00016747315870791805
2020-10-05,In-Degree,335.453781512605,212.9413817166783,192.60915910676903,236.55518143754358,287.9426121372032,265.6709762532981,314.1941952506596
2020-10-05,Out-Degree,335.453781512605,248.3579902302861,240.46737613398466,256.31327634333564,164.3258575197889,155.11715039577837,176.5552770448549
2020-10-05,Total-Degree,670.90756302521,461.2993719469644,439.1240579204466,487.0673761339847,452.26846965699207,423.1473614775726,481.1494558047493
2020-10-05,Self-Visit-Ratio,0.036639679280763206,0.03262029621943249,0.03084564108600068,0.03437649963520739,0.03280788533991662,0.0302894702160967,0.035322331378776675
2020-10-12,Betweenness,9.226153874010198e-05,8.234160295966983e-05,7.542125021511937e-05,9.051044464055887e-05,0.00011872257164749156,9.291358542475335e-05,0.00015436544960972044
2020-10-12,In-Degree,324.14047121980315,201.17027215631543,182.31767271458477,224.34727843684576,272.00263852242745,249.6252968337731,294.7536774406332
2020-10-12,Out-Degree,324.14047121980315,236.68318213538032,229.33606071179344,244.06022330774599,154.99538258575197,146.72631926121375,164.49332124010556
2020-10-12,Total-Degree,648.2809424396063,437.85345429169575,417.44443475226797,462.68688066992326,426.99802110817944,402.8840204485488,453.2743073878628
2020-10-12,Self-Visit-Ratio,0.0439764064031548,0.04550157291223707,0.04316557986520723,0.047876692164428,0.0497369321140104,0.04683382916749548,0.05262524820538647
2020-10-19,Betweenness,9.35230313575063e-05,8.465349220294591e-05,7.78945542238324e-05,9.224252650846549e-05,0.0001236855111096378,9.8352186906365e-05,0.0001602726691039606
2020-10-19,In-Degree,331.9487541837114,208.04378040305767,187.7870743571925,230.2041869353718,288.64973614775727,264.47851253298154,315.5398581794195
2020-10-19,Out-Degree,331.9487541837114,245.95066018068104,238.96926685198054,253.7193710910354,162.15633245382585,154.0507420844327,170.590864116095
2020-10-19,Total-Degree,663.8975083674228,453.9944405837387,430.33611883252263,478.5861014593467,450.8060686015831,423.01235158311346,480.3923647757255
2020-10-19,Self-Visit-Ratio,0.043806889541984695,0.045902588801860454,0.043347959502286815,0.04886108890082784,0.048459230029235835,0.04564004662209108,0.0514288450706483
2020-10-26,Betweenness,8.705430955721593e-05,7.964803029432318e-05,7.347879673868759e-05,8.652012068215899e-05,0.00011619993579759602,9.241790059350714e-05,0.00015544794689407635
2020-10-26,In-Degree,308.06047580226783,197.80497925311204,179.90907676348547,221.71813623789765,267.46950819672134,244.39970491803277,291.4882950819672
2020-10-26,Out-Degree,308.06047580226783,232.45781466113417,225.61497233748273,239.47638312586446,150.81245901639343,143.14245901639345,159.54847540983607
2020-10-26,Total-Degree,616.1209516045357,430.2627939142462,410.25988934993086,453.51908713692944,418.28196721311474,394.859737704918,445.60622950819675
2020-10-26,Self-Visit-Ratio,0.043847348699394835,0.04418434443832658,0.04188330614976743,0.04645063680047217,0.04764822048127244,0.044591965379982876,0.0506024957304976
2020-11-02,Betweenness,8.893308087017122e-05,8.176250740341791e-05,7.383132746600225e-05,8.963978490700601e-05,0.00012050315048242269,9.869938716340738e-05,0.00014676787083828856
2020-11-02,In-Degree,320.92287214375506,201.93793103448274,183.12710344827588,227.7735172413793,278.2280471821756,255.1642038007864,304.6176441677588
2020-11-02,Out-Degree,320.92287214375506,238.46965517241378,231.7026896551724,245.25932758620692,161.76343381389253,152.28437090432502,172.15103211009173
2020-11-02,Total-Degree,641.8457442875101,440.40758620689655,420.58181034482755,465.54351724137933,439.99148099606816,414.9215104849279,470.22011795543904
2020-11-02,Self-Visit-Ratio,0.04682254198639079,0.04566001965214225,0.04336180151952781,0.047960328547058256,0.05660572333727917,0.05386433231756617,0.05992247713437128
2020-11-09,Betweenness,8.417070944697941e-05,7.700562787373851e-05,7.054441459318968e-05,8.471707696774021e-05,0.00011004955595779185,9.065610583463752e-05,0.00013607866259482602
2020-11-09,In-Degree,303.5770683653063,187.78016643550623,169.83528085991676,208.72024965325934,262.2122207621551,238.59517082785808,285.40827858081474
2020-11-09,Out-Degree,303.5770683653063,223.2246879334258,216.41889736477117,230.38394590846045,150.20565045992115,142.60824572930355,157.81105453350855
2020-11-09,Total-Degree,607.1541367306125,411.00485436893206,390.63106796116506,432.9316574202496,412.4178712220762,388.49566360052563,440.11647503285144
2020-11-09,Self-Visit-Ratio,0.04374695260608491,0.04603273718719602,0.04344586372071817,0.048940716777955806,0.05180221407681561,0.048714846982993325,0.05517029271172005
2020-11-16,Betweenness,8.232530015940019e-05,7.724973814399679e-05,6.940048840439834e-05,8.599047497481274e-05,0.00010630652455151152,8.90255251234369e-05,0.00012747691448545382
2020-11-16,In-Degree,298.0871240183731,185.80622837370242,168.39474048442906,208.1083564013841,251.43635170603673,231.77048884514437,274.2618274278215
2020-11-16,Out-Degree,298.0871240183731,217.92318339100345,211.43840830449827,224.6573356401384,146.84120734908137,139.60920275590553,154.71404199475066
2020-11-16,Total-Degree,596.1742480367462,403.7294117647059,384.3541349480969,429.1643598615917,398.2775590551181,375.5237696850394,424.3180774278215
2020-11-16,Self-Visit-Ratio,0.04365703078030337,0.04542833724922563,0.04310519079433509,0.0478672479376463,0.04821639817240001,0.045523693102407614,0.05137031143972269
2020-11-30,Betweenness,6.400429434663839e-05,6.73826924224003e-05,5.443686023404547e-05,8.618709512943056e-05,7.453246007982475e-05,6.164744842814581e-05,8.997766615340475e-05
2020-11-30,In-Degree,216.29599518217404,141.68583450210377,121.1586255259467,167.78786816269286,176.04521276595744,160.1350232712766,193.7340425531915
2020-11-30,Out-Degree,216.29599518217404,158.3295932678822,151.38395862552593,166.3069424964937,102.35305851063829,95.95679853723404,110.05315824468084
2020-11-30,Total-Degree,432.5919903643481,300.015427769986,277.541129032258,326.08416900420764,278.3982712765957,259.8952293882979,297.5812333776596
2020-11-30,Self-Visit-Ratio,0.04761495674942876,0.051072959901862204,0.047981255907884754,0.05437675352973406,0.05879340138953138,0.05492296173770822,0.06266793220503426
2020-12-21,Betweenness,7.467208161922664e-05,6.934099159241778e-05,6.371092865341725e-05,7.516773882181316e-05,7.882351205562648e-05,6.782562482838449e-05,9.15887190039808e-05
2020-12-21,In-Degree,273.81975507809636,166.30987821380245,148.59682002706361,188.47802774018945,200.94716242661448,181.9429712981083,224.0605675146771
2020-12-21,Out-Degree,273.81975507809636,195.57510148849798,189.68729702300408,201.62770635994585,119.36464448793215,113.48913894324853,125.38933463796478
2020-12-21,Total-Degree,547.6395101561927,361.8849797023004,342.7587787550744,384.7265054127199,320.31180691454665,298.9561969993477,344.4549575994781
2020-12-21,Self-Visit-Ratio,0.04328647791239185,0.04687592767531091,0.04413615249442162,0.04981503208733666,0.04963074333001934,0.04616958668100748,0.05343231224696141
2020-12-28,Betweenness,7.332284560785804e-05,6.708408818322499e-05,6.136710061422475e-05,7.26415491312191e-05,7.737379052839442e-05,6.592093743096962e-05,9.065670467334808e-05
2020-12-28,In-Degree,269.63158280768664,159.57616790792147,143.37638794854436,179.8351049424509,196.1417374265186,177.99647289353362,217.11961136512082
2020-12-28,Out-Degree,269.63158280768664,186.17467840216656,180.43303994583616,192.12295192958697,115.61593729588505,109.96306335728282,121.40685826257348
2020-12-28,Total-Degree,539.2631656153733,345.75084631008804,328.6225118483413,365.2444143534191,311.75767472240364,290.65826257348135,334.2769595035924
2020-12-28,Self-Visit-Ratio,0.048189961610118244,0.05156259268037832,0.048928171914123304,0.05457270857303002,0.06343077194065384,0.059383094568118175,0.0681633151108426
2021-01-04,Betweenness,7.602235879357863e-05,7.201082585762561e-05,6.642183133205972e-05,7.840233111801355e-05,8.246054705698133e-05,7.04986693034183e-05,9.604962174301757e-05
2021-01-04,In-Degree,276.9701799485861,170.96138211382114,155.047527100271,190.8820460704607,216.21932114882506,197.51279373368146,235.89908616187986
2021-01-04,Out-Degree,276.9701799485861,199.62262872628727,193.51107723577238,205.62466124661248,120.72911227154047,114.7125,126.8943864229765
2021-01-04,Total-Degree,553.9403598971722,370.5840108401084,353.1455792682927,388.97415311653117,336.9484334203655,316.85024477806786,359.0520561357703
2021-01-04,Self-Visit-Ratio,0.04884402198949511,0.050478357362475954,0.047977460932175205,0.05313830480645045,0.06678536781744752,0.06291394602492043,0.07127272861063862
2021-01-11,Betweenness,7.493227947283248e-05,6.89302407880938e-05,6.328550206973189e-05,7.553216210863304e-05,8.017264663192227e-05,6.987343529984469e-05,9.207862081193399e-05
2021-01-11,In-Degree,270.51946713770513,162.19092755585646,146.60626269465132,180.39588693297222,212.0822454308094,192.91964751958224,231.62012075718013
2021-01-11,Out-Degree,270.51946713770513,186.13134732566013,180.17450914014896,192.13547731888966,120.33942558746736,114.70593994778068,126.62589751958224
2021-01-11,Total-Degree,541.0389342754103,348.3222748815166,330.5845294515911,369.53552809749493,332.42167101827675,312.754862924282,353.38208224543087
2021-01-11,Self-Visit-Ratio,0.04565273161248077,0.047654518504668786,0.04482622565476566,0.05043908653358854,0.05671096004802757,0.05282873469528413,0.06036402446165811
2021-01-18,Betweenness,7.303589965397924e-05,6.428621685781483e-05,5.9735617775032807e-05,6.939055789086237e-05,7.612760854069797e-05,6.655394525304054e-05,8.751499727007982e-05
2021-01-18,In-Degree,269.75080882352944,155.8569500674764,140.8785762483131,174.54279689608634,206.05029392553885,189.30199216198562,226.1866100587851
2021-01-18,Out-Degree,269.75080882352944,180.29689608636977,174.74748650472333,185.92987516869096,118.82103200522535,112.99657086871325,125.0356792945787
2021-01-18,Total-Degree,539.5016176470589,336.15384615384613,320.10168690958164,355.86580634278005,324.8713259307642,305.2609732201176,344.64836708033965
2021-01-18,Self-Visit-Ratio,0.044663640817712194,0.04704405731510122,0.04438398116308266,0.04978971975262134,0.053576766786960495,0.05001009593106355,0.0570588738823654
2021-01-25,Betweenness,7.010119819361923e-05,6.335109068414781e-05,5.894263478992538e-05,6.914985559890878e-05,7.45638130669291e-05,6.441817596524897e-05,8.585698512313587e-05
2021-01-25,In-Degree,255.8575427224514,151.6350710900474,137.52081922816518,168.54146919431278,198.69522563767168,180.84151406147808,218.41034990189664
2021-01-25,Out-Degree,255.8575427224514,173.93026404874746,168.68397088693297,179.62772511848343,112.41857423152388,106.70197841726619,118.68690320470897
2021-01-25,Total-Degree,511.7150854449028,325.56533513879486,310.0453114421124,345.8806702775897,311.11379986919553,291.5984630477436,331.42910398953563
2021-01-25,Self-Visit-Ratio,0.04461491455398538,0.04881943414377456,0.04549373680431664,0.05194885489590932,0.053408798292610714,0.049339080843000725,0.057594155211383655
2021-02-01,Betweenness,5.996840390871046e-05,5.273792313915567e-05,4.876063254543518e-05,5.6912939707504315e-05,6.814122666582997e-05,5.8949443717829875e-05,7.821477645422003e-05
2021-02-01,In-Degree,219.93326942928772,131.9619823489477,120.72494908350305,147.4232858112695,171.1672109732201,156.7240692357936,187.8250489875898
2021-02-01,Out-Degree,219.93326942928772,150.04616429056347,145.16620841819417,154.99704684317717,99.56825604180274,94.85700522534292,104.61900718484651
2021-02-01,Total-Degree,439.86653885857544,282.0081466395112,268.99302443991854,297.95865580448066,270.73546701502283,254.74839973873284,287.6129817112998
2021-02-01,Self-Visit-Ratio,0.052926895218571766,0.0556669748384164,0.05259083098351052,0.059076945840250215,0.06936389746726526,0.06499555904358824,0.07333437423283559
