date,cent_name,value,income-Bottom,income-Bottom-lower,income-Bottom-upper,income-Top,income-Top-lower,income-Top-upper
2019-12-30,Betweenness,0.00011248415082745948,0.00010372889163721309,9.566067390938311e-05,0.00011508477679992149,0.00019790066312690293,0.0001576337107140989,0.0002484549832182075
2019-12-30,In-Degree,551.521032010054,417.3359941944848,379.6814404934688,460.3424891146589,647.0303249097473,566.6151624548737,741.4453971119134
2019-12-30,Out-Degree,551.521032010054,477.4477503628447,465.14858490566036,491.41144775036287,436.7595667870036,417.726119133574,455.05772563176896
2019-12-30,Total-Degree,1103.042064020108,894.7837445573294,853.6429245283018,944.9179970972424,1083.7898916967508,987.3447653429604,1176.9185740072203
2019-12-30,Self-Visit-Ratio,0.07030982674485242,0.08976967245051898,0.08740056588867459,0.09238260905309353,0.08463358728600501,0.08127638912764756,0.08822791851495927
2020-01-06,Betweenness,0.00011342296489797315,0.00010387274917106855,9.553266557420146e-05,0.00011380681917677845,0.00020391810417102118,0.00016137366778072544,0.0002549943051057301
2020-01-06,In-Degree,619.3852065321806,483.00725689404936,445.754118287373,530.6214804063861,805.4178674351585,706.5438040345821,913.8305295389049
2020-01-06,Out-Degree,619.3852065321806,571.5754716981132,556.9491654571843,587.1999455732947,495.992795389049,476.3042146974063,515.8921109510086
2020-01-06,Total-Degree,1238.7704130643613,1054.5827285921625,1011.3644775036284,1100.5709905660378,1301.4106628242075,1203.7987572046109,1415.2715958213255
2020-01-06,Self-Visit-Ratio,0.06872269625538298,0.08729490332397785,0.08458000324953809,0.08978895098587716,0.07998618939489019,0.07691957945167681,0.08311325408113998
2020-01-13,Betweenness,0.00011169929996388337,0.00010195080792777665,9.41381387794978e-05,0.00011038320543057899,0.0001934481661414435,0.00015722531508172963,0.0002364999951772179
2020-01-13,In-Degree,571.5321685052195,441.3747276688453,404.7230573710966,484.4511982570806,721.0028839221341,625.7430425378515,818.2051550108147
2020-01-13,Out-Degree,571.5321685052195,518.5446623093682,504.64046840958605,533.2922476397966,448.5234318673396,429.5948089401586,467.12420692141313
2020-01-13,Total-Degree,1143.064337010439,959.9193899782135,920.1911946259985,1005.7934458968773,1169.5263157894738,1069.5916186012976,1273.0946467195383
2020-01-13,Self-Visit-Ratio,0.07213092771816218,0.09517506859813693,0.09225597725447686,0.09803645330736273,0.08105168848439764,0.07778077246112948,0.0843742246385088
2020-01-20,Betweenness,0.00011146842959928339,0.00010444804099809446,9.614196188589616e-05,0.00011396414325513388,0.0001854985015693021,0.00014978433040700162,0.00022293308332174336
2020-01-20,In-Degree,566.3417852906288,427.6535662299855,393.5431950509461,463.3778202328967,685.9935111751983,599.618276856525,777.620313626532
2020-01-20,Out-Degree,566.3417852906288,497.27947598253274,483.91491994177585,511.35149199417754,443.323720259553,425.19803532804616,461.5404470079308
2020-01-20,Total-Degree,1132.6835705812575,924.9330422125182,887.278748180495,967.3074417758369,1129.3172314347512,1037.173936553713,1231.2057678442682
2020-01-20,Self-Visit-Ratio,0.07328145179838531,0.09976542902947814,0.09671072584320457,0.10275345427000626,0.08215626706314663,0.07889786652817007,0.08557922144344615
2020-01-27,Betweenness,0.00011071765442259816,0.00010823269617369678,0.00010029555053754943,0.00011664365798639249,0.00018493585562816763,0.0001543356433389327,0.00021918305939568067
2020-01-27,In-Degree,567.494,447.40638606676345,410.4792452830188,485.1661647314949,709.2586455331412,624.0188580691643,799.8031880403457
2020-01-27,Out-Degree,567.494,531.0849056603773,516.4913461538462,546.2294267053701,442.86455331412105,424.6290345821326,461.2004682997118
2020-01-27,Total-Degree,1134.988,978.4912917271408,936.3858490566038,1022.1658744557329,1152.1231988472623,1063.2794848703172,1246.849189481268
2020-01-27,Self-Visit-Ratio,0.06480337700675382,0.08514922842131269,0.08253545463683108,0.08809125297598824,0.06772004484478107,0.06484404260659421,0.07050523925452622
2020-02-03,Betweenness,0.00010944618549856072,0.00010728151188793875,9.993578954603455e-05,0.00011603787029194624,0.00018116567182292214,0.00015227581311508208,0.00021778304458106357
2020-02-03,In-Degree,527.6174964754767,407.0507982583454,374.3995101596517,443.2135159651669,659.9509025270759,582.3183032490974,750.4458303249097
2020-02-03,Out-Degree,527.6174964754767,491.3802612481858,477.18985849056605,506.2419992743106,407.6592057761733,389.91386281588444,425.9886281588448
2020-02-03,Total-Degree,1055.2349929509535,898.4310595065313,861.8198294629898,939.1827104499274,1067.610108303249,991.4980144404332,1157.9654693140794
2020-02-03,Self-Visit-Ratio,0.033487522323957714,0.03104985482863026,0.029726482603003312,0.03245945570297094,0.02585451680793322,0.02422546512153236,0.027345620922246006
2020-02-10,Betweenness,0.00010840715186595736,0.00010687974058159968,9.932025226634582e-05,0.00011524794031210295,0.00017166478719454466,0.00014273016362268952,0.00020491239273447257
2020-02-10,In-Degree,503.1468578220175,375.0732946298984,344.3989296081277,411.4277576197387,616.7164502164502,544.5297799422799,700.2798701298701
2020-02-10,Out-Degree,503.1468578220175,452.1168359941945,438.5380442670537,465.61206458635706,386.4689754689755,369.24545454545455,403.6380411255411
2020-02-10,Total-Degree,1006.293715644035,827.190130624093,791.5410558780842,865.2800979680696,1003.1854256854257,928.2929112554112,1095.1222582972584
2020-02-10,Self-Visit-Ratio,0.030669313482719084,0.026541235108806068,0.024812521474519324,0.028887517670068908,0.021962581196736136,0.020387467760998288,0.02371410524698025
2020-02-17,Betweenness,0.00010774315887140315,9.902618844423771e-05,9.107571145759565e-05,0.00010681673234338445,0.00016936925870733406,0.00013870470767120846,0.00020067113138264107
2020-02-17,In-Degree,474.83518036444775,329.0174418604651,298.50868459302325,367.78450218023255,554.3092485549133,485.7835802023122,622.978414017341
2020-02-17,Out-Degree,474.83518036444775,391.6475290697674,380.3587390988372,403.7582667151163,360.1387283236994,342.6573880057804,377.0301842485549
2020-02-17,Total-Degree,949.6703607288955,720.6649709302326,688.0627543604652,758.4069585755814,914.4479768786127,845.8091221098266,997.6211705202312
2020-02-17,Self-Visit-Ratio,0.02997766388350216,0.025689027144893753,0.02435784498053657,0.026999708417221425,0.022619036714118055,0.021051456299383382,0.02418617117428306
2020-02-24,Betweenness,0.00011079505023957351,0.00010358498699379285,9.548061984644624e-05,0.00011230543759152079,0.0001917838955196128,0.00015159649451774597,0.00024040840659795721
2020-02-24,In-Degree,544.3684015695566,429.1327048585932,395.2357686729514,467.53248730964464,695.5360750360751,609.036075036075,784.6621031746031
2020-02-24,Out-Degree,544.3684015695566,521.7781000725163,505.9949963741842,537.2627447425671,424.1060606060606,405.20373376623377,444.30544733044735
2020-02-24,Total-Degree,1088.7368031391131,950.9108049311095,911.258067440174,996.3397208121827,1119.6421356421356,1033.095165945166,1219.4017857142856
2020-02-24,Self-Visit-Ratio,0.06385786959166466,0.07636016529279938,0.073883732091129,0.07893327537113073,0.07613167016143953,0.0728738761073188,0.079593547795445
2020-03-02,Betweenness,0.00010808390627766595,0.0001050290553347606,9.696643049493071e-05,0.00011312524591976362,0.000180877791463234,0.0001488323413700468,0.00021942053619124224
2020-03-02,In-Degree,537.0127482952861,417.16896301667873,384.89715373459023,459.2329949238578,664.7635183850036,589.8777577505408,749.6690519105983
2020-03-02,Out-Degree,537.0127482952861,507.91225525743295,493.9897208121827,523.6577592458302,419.2790194664744,400.92655010814707,438.5393114635905
2020-03-02,Total-Degree,1074.0254965905722,925.0812182741116,883.6142131979695,965.9434916606236,1084.042537851478,1002.7018385003605,1172.001279740447
2020-03-02,Self-Visit-Ratio,0.052427422092197515,0.05747166122617858,0.05525880180502602,0.05993463051069469,0.056722810708386674,0.05366181539490334,0.05982352982770605
2020-03-09,Betweenness,0.00010340886132292406,0.00010453094958479349,9.738996401402526e-05,0.0001123841010219246,0.00016934446671010975,0.0001355714542048336,0.00021183771940804446
2020-03-09,In-Degree,480.3305423829283,388.1057204923968,359.3192433019551,422.68769007965244,551.3091962346126,492.5986060825489,620.0952208544533
2020-03-09,Out-Degree,480.3305423829283,473.84359160028964,458.7024800868936,487.503113685735,359.04344677769734,343.59958363504705,375.3997827661115
2020-03-09,Total-Degree,960.6610847658566,861.9493120926865,827.866002896452,898.4081824764662,910.35264301231,847.9456372194062,983.9832910934106
2020-03-09,Self-Visit-Ratio,0.0613794036908233,0.06738360226925692,0.06511362691916482,0.06997233149538003,0.06780736122271333,0.06431591901697589,0.07136666932283559
2020-03-16,Betweenness,7.381257881595411e-05,9.326697602618912e-05,8.660185525594608e-05,0.00010001319582587771,9.721281469683748e-05,7.757148451539067e-05,0.00012476700781113042
2020-03-16,In-Degree,245.06414363406094,235.8235294117647,219.65139796659406,253.3218772694263,239.15679190751445,217.32821531791907,262.53087066473984
2020-03-16,Out-Degree,245.06414363406094,276.1815541031227,267.79386347131447,284.8317901234568,166.3742774566474,157.93267702312139,175.29398482658962
2020-03-16,Total-Degree,490.1282872681219,512.0050835148875,493.58291575889615,531.8777233115468,405.53106936416185,379.77503612716765,432.3372290462428
2020-03-16,Self-Visit-Ratio,0.0961763387821403,0.1165106818953877,0.1121274009340125,0.12125546694057017,0.13135538888370285,0.12525978798534557,0.138138940127045
2020-03-23,Betweenness,4.903355663462083e-05,6.476893686133687e-05,6.031372845778968e-05,6.93873556276873e-05,5.5731201602390034e-05,4.343203031235978e-05,7.166451590700463e-05
2020-03-23,In-Degree,168.3377225796798,155.96644784828592,145.88758205689277,166.04297957695113,146.29920116194626,132.92982933914308,160.1770515613653
2020-03-23,Out-Degree,168.3377225796798,183.07804522246536,176.90649161196208,189.31540846097738,103.99636891793755,98.12628903413217,110.36120188816268
2020-03-23,Total-Degree,336.6754451593596,339.0444930707513,326.8509117432531,351.89219547775343,250.29557007988382,234.90099854756718,266.88712781408856
2020-03-23,Self-Visit-Ratio,0.1397458698581705,0.17733193371136355,0.17094082056125276,0.18325879059835612,0.20983595113011072,0.2003847266740579,0.21973991337052873
2020-03-30,Betweenness,4.5140267424163866e-05,6.0057650255108816e-05,5.555944557834564e-05,6.50428669735949e-05,4.6939881597225884e-05,3.6731900335060857e-05,5.973696898084475e-05
2020-03-30,In-Degree,163.96578829166043,146.52300949598248,136.82479912344778,157.04693206720236,127.16835994194484,116.36576560232221,138.06861393323658
2020-03-30,Out-Degree,163.96578829166043,170.6245434623813,165.27963842220598,176.28298027757486,100.27068214804063,94.29929245283019,106.48174891146589
2020-03-30,Total-Degree,327.93157658332086,317.14755295836375,304.6285427319211,331.0291818845873,227.4390420899855,214.70458998548622,241.81380624092887
2020-03-30,Self-Visit-Ratio,0.12705521686256763,0.15979198746654522,0.15421430163228386,0.16589526172883448,0.1769340697354215,0.16831866117289895,0.18566086606296006
2020-04-06,Betweenness,4.1558837558501996e-05,5.2201962477222146e-05,4.8522003970886697e-05,5.6468323128747875e-05,4.3930397201950016e-05,3.565968210844552e-05,5.4752850915318736e-05
2020-04-06,In-Degree,154.79126722588376,130.42554744525546,121.03094890510948,140.5550912408759,116.88525780682643,107.41085693536674,127.73494916485112
2020-04-06,Out-Degree,154.79126722588376,148.7138686131387,143.64195255474453,153.89417883211678,95.58605664488017,90.03088235294118,101.4458787218591
2020-04-06,Total-Degree,309.5825344517675,279.13941605839415,267.7429927007299,290.93850364963504,212.4713144517066,200.01810094408134,224.99458968772691
2020-04-06,Self-Visit-Ratio,0.11531075857951499,0.14488811558215842,0.1389486606951953,0.15009734770399172,0.16476056736886757,0.156914454488699,0.17327645881566942
2020-04-13,Betweenness,4.043173373379421e-05,5.1485959528377475e-05,4.78240557196264e-05,5.5168070267473105e-05,3.9860817581556934e-05,3.284552746555914e-05,4.8154264663660854e-05
2020-04-13,In-Degree,154.08301404853128,129.3345534407028,120.19346632503661,140.38878111273792,113.80607814761215,104.22449348769898,124.10687409551375
2020-04-13,Out-Degree,154.08301404853128,150.71595900439237,145.78742679355784,155.4617496339678,95.50651230101302,90.09542329956584,101.05068740955137
2020-04-13,Total-Degree,308.16602809706256,280.0505124450952,268.44582723279643,292.272126647145,209.31259044862517,197.05195369030392,221.83467800289435
2020-04-13,Self-Visit-Ratio,0.1166946014390953,0.15108725091970915,0.14481080244975372,0.15757333902178738,0.1713506691779158,0.16190626668358524,0.17998743657387042
2020-04-20,Betweenness,4.763949942697847e-05,6.020240958455314e-05,5.5980214816624825e-05,6.482280271726532e-05,4.718529794942459e-05,3.882109032993073e-05,5.7860515514609745e-05
2020-04-20,In-Degree,166.59280047897022,142.2101818181818,132.6081090909091,153.40467272727273,125.75689404934688,115.47962626995647,136.1511611030479
2020-04-20,Out-Degree,166.59280047897022,163.27418181818183,157.7697818181818,168.5084,103.55732946298984,97.54691582002903,109.35861756168359
2020-04-20,Total-Degree,333.18560095794044,305.48436363636364,293.36094545454546,318.3997090909091,229.31422351233672,215.86874092888246,242.55859941944846
2020-04-20,Self-Visit-Ratio,0.11746063741375173,0.15089814119561387,0.14557192768889984,0.15630171369503595,0.17557547111173988,0.16720735123798178,0.18436156949963903
2020-04-27,Betweenness,5.648038502024372e-05,7.031845154291108e-05,6.496373421486751e-05,7.549360185459789e-05,5.7737406182072595e-05,4.732005329866515e-05,7.004168475012499e-05
2020-04-27,In-Degree,191.33546706363975,160.66448326055314,149.99559679767103,171.90924308588066,143.86603910209993,132.2671976828385,156.50854453294713
2020-04-27,Out-Degree,191.33546706363975,184.92794759825327,179.4794941775837,191.0155749636099,120.0984793627806,112.89744750181029,127.14087617668356
2020-04-27,Total-Degree,382.6709341272795,345.5924308588064,332.4027292576419,359.3795669577875,263.96451846488054,249.6407856625634,279.4895365677046
2020-04-27,Self-Visit-Ratio,0.10716059061719878,0.13674522186970506,0.13162235466619415,0.1416433773968358,0.15705238530411988,0.14915155839105584,0.16513315515198668
2020-05-04,Betweenness,6.19507862860644e-05,7.552036659697039e-05,7.039015394001145e-05,8.100374127826671e-05,6.092651986192484e-05,5.022878654288912e-05,7.30236232676353e-05
2020-05-04,In-Degree,206.68335568469678,168.0065264684554,156.32964104423496,180.81910804931107,151.14264919941775,138.10820596797674,164.8894286754003
2020-05-04,Out-Degree,206.68335568469678,188.23350253807106,182.32371283538794,194.51129441624366,124.37918486171762,117.15005458515284,132.00473071324598
2020-05-04,Total-Degree,413.36671136939356,356.24002900652647,342.91941624365484,371.43422770123277,275.5218340611354,260.0028202328967,291.8953420669578
2020-05-04,Self-Visit-Ratio,0.06703565958644224,0.07781515294310735,0.07445842802072888,0.08144990515776497,0.08244952830618538,0.0772006119685859,0.08749479742569442
2020-05-11,Betweenness,6.458681487218493e-05,7.962912847334464e-05,7.442152889885354e-05,8.571173298211495e-05,6.288972366285565e-05,5.300488511070121e-05,7.538690543953364e-05
2020-05-11,In-Degree,214.2685288640596,170.8992700729927,159.17018248175182,183.85764598540143,161.01590744757772,147.2145878524946,174.99101590744758
2020-05-11,Out-Degree,214.2685288640596,196.31094890510948,190.539799270073,202.4616423357664,131.940708604483,124.01321402747651,139.31272595806217
2020-05-11,Total-Degree,428.5370577281192,367.2102189781022,354.7553467153284,382.1841605839416,292.9566160520607,275.52964569775855,308.30963485177153
2020-05-11,Self-Visit-Ratio,0.06466289999763042,0.07217868548384235,0.06924754955080707,0.07537130018384804,0.07744175665395348,0.07235581839419954,0.08283402707114684
2020-05-18,Betweenness,6.918126430300114e-05,8.111967352730627e-05,7.604319181318102e-05,8.6362222450958e-05,6.86302257195071e-05,5.709574188918268e-05,8.257957579472936e-05
2020-05-18,In-Degree,226.5672340741842,179.49745454545456,167.47192727272727,192.16314545454543,168.80505415162455,155.66155234657043,182.7029241877256
2020-05-18,Out-Degree,226.5672340741842,204.18981818181817,197.7702181818182,210.6388,139.4072202166065,130.5103429602888,147.90128158844766
2020-05-18,Total-Degree,453.1344681483684,383.6872727272727,369.78409090909093,398.2903818181818,308.212274368231,290.8757761732852,326.19090252707576
2020-05-18,Self-Visit-Ratio,0.0682582945890616,0.07956947855626967,0.07626438225154823,0.0825159679174445,0.0852711274552641,0.07924902816920475,0.09118341806727683
2020-05-25,Betweenness,7.311794158693621e-05,8.734075106999541e-05,8.143096012600524e-05,9.297677786070743e-05,7.135214068865595e-05,5.998979577771988e-05,8.380321587430503e-05
2020-05-25,In-Degree,239.74131532066508,190.66739288307915,177.4696986201888,205.55867828612926,179.9841155234657,166.62471119133576,195.56772563176895
2020-05-25,Out-Degree,239.74131532066508,222.6172839506173,215.954883805374,229.26134713144518,147.942238267148,139.5404332129964,157.10680505415164
2020-05-25,Total-Degree,479.48263064133016,413.28467683369644,398.1463507625272,428.2868373275236,327.92635379061375,308.3114620938628,347.56057761732853
2020-05-25,Self-Visit-Ratio,0.06992150635117493,0.08161763784940233,0.07853428121526797,0.08496992596085974,0.0859183577380499,0.08048553727322917,0.091927784664603
2020-06-01,Betweenness,7.592926194515857e-05,8.687427582995349e-05,8.14713186174819e-05,9.275270785696721e-05,7.50143390564494e-05,6.156979749951976e-05,9.098594343829927e-05
2020-06-01,In-Degree,250.37597503900156,191.00436999271668,177.93667152221414,203.80384195193005,185.34395365677045,170.7956734250543,199.92805937726283
2020-06-01,Out-Degree,250.37597503900156,221.163146394756,214.6021121631464,228.41077931536782,148.7233888486604,140.45744026068067,157.04169080376536
2020-06-01,Total-Degree,500.7519500780031,412.1675163874727,397.1151857246905,429.27439912600147,334.0673425054309,315.5268826937002,354.7811911658219
2020-06-01,Self-Visit-Ratio,0.04998583471791227,0.04988454089311311,0.04755076775904082,0.05211438514427673,0.050866767090489776,0.04621990359917153,0.05540229515034516
2020-06-08,Betweenness,7.998152028585743e-05,8.949733252676644e-05,8.4170314346314e-05,9.530744171834334e-05,8.063714706873013e-05,6.818016797441774e-05,9.658275339735824e-05
2020-06-08,In-Degree,274.72510019296425,206.0478955007257,191.29571843251088,223.41825108853413,206.23355025307302,189.4436189443239,223.54859002169198
2020-06-08,Out-Degree,274.72510019296425,240.88534107402032,233.30344702467346,248.00195936139332,166.65075921908894,156.87762111352134,177.17868763557485
2020-06-08,Total-Degree,549.4502003859285,446.933236574746,430.0133526850508,465.3396770682148,372.884309472162,351.63165220535075,393.7273318872017
2020-06-08,Self-Visit-Ratio,0.050487552470626855,0.05183865802381968,0.04944085663107808,0.054495453068136884,0.054977556048100645,0.05081144244550422,0.05911645190118013
2020-06-15,Betweenness,8.404966245134643e-05,9.12448804964667e-05,8.567577375747036e-05,9.75520385513838e-05,8.755746966637387e-05,7.284500431639388e-05,0.00010386556635523622
2020-06-15,In-Degree,299.8559667729734,209.97893972403776,194.8773602033406,226.70157952069715,215.7955039883974,197.84303843364756,233.52393038433647
2020-06-15,Out-Degree,299.8559667729734,244.11692084241105,236.32293028322442,251.70464778503995,176.83611312545324,166.91091370558377,187.8199601160261
2020-06-15,Total-Degree,599.7119335459467,454.0958605664488,436.6589143064633,472.8881082062454,392.6316171138506,370.6494742567078,415.0703952139231
2020-06-15,Self-Visit-Ratio,0.04600654785499218,0.046815198486884764,0.0445263878085399,0.04913901596604618,0.04544131643491054,0.04229183210555577,0.04864245228797788
2020-06-22,Betweenness,8.800466186860874e-05,9.561143257699142e-05,8.928859432529756e-05,0.00010169894962970322,9.105547903749538e-05,7.55230571791768e-05,0.00010951367814292428
2020-06-22,In-Degree,321.4522926250186,227.4,210.2681884057971,244.72128623188405,239.92263195950832,219.83685827910338,259.9231381055676
2020-06-22,Out-Degree,321.4522926250186,264.6615942028985,255.7013768115942,272.6298007246377,195.0108459869848,183.74228127259582,206.84727042660882
2020-06-22,Total-Degree,642.9045852500371,492.06159420289856,473.02677536231886,512.1336594202897,434.93347794649316,411.0100686912509,460.9182754880694
2020-06-22,Self-Visit-Ratio,0.04517545174835074,0.045448701452583715,0.04346979418694401,0.04741856309880174,0.048105219924239086,0.044544302117659654,0.05170123716815068
2020-06-29,Betweenness,8.865246293002597e-05,9.543834441052084e-05,8.850750611848524e-05,0.00010270627629090494,9.505523089886916e-05,8.009284140837291e-05,0.00011379569854604476
2020-06-29,In-Degree,317.76590387321335,225.65163636363636,208.15185454545454,246.03776363636365,230.8938628158845,211.69512635379058,250.67283393501802
2020-06-29,Out-Degree,317.76590387321335,264.104,256.1497090909091,272.32565454545454,195.9465703971119,184.079440433213,207.56095667870036
2020-06-29,Total-Degree,635.5318077464267,489.75563636363637,468.4760181818182,511.97147272727267,426.8404332129964,401.6486462093863,453.92032490974725
2020-06-29,Self-Visit-Ratio,0.04664606013529763,0.04849935657882346,0.046153596524339036,0.05109419036190386,0.05286313207299875,0.04926972258544461,0.057069537854337556
2020-07-06,Betweenness,8.639056232655085e-05,9.033759085520187e-05,8.338762735466041e-05,9.74418176234179e-05,9.04807274650978e-05,7.648762298687609e-05,0.00010674294658594247
2020-07-06,In-Degree,309.81341625944026,212.9978229317852,196.14713352685052,235.181767053701,229.13748191027497,210.51628075253257,249.81897612156294
2020-07-06,Out-Degree,309.81341625944026,246.17851959361394,238.53699201741654,254.19718795355587,190.5767004341534,179.23836830680176,203.47320911722142
2020-07-06,Total-Degree,619.6268325188805,459.17634252539915,438.6030478955007,480.91937590711177,419.71418234442837,396.05399782923297,445.432018813314
2020-07-06,Self-Visit-Ratio,0.044217533406312945,0.047871142733101286,0.04530943273316578,0.050497309473559016,0.04721589951170118,0.043510687600926606,0.051524514823721376
2020-07-13,Betweenness,9.136661557304443e-05,9.60541687252438e-05,8.811542947257762e-05,0.0001040289634756949,9.897280065653838e-05,8.358140619213619e-05,0.0001172853915989617
2020-07-13,In-Degree,328.17848410757944,225.22109090909092,208.0098,246.0699090909091,249.0789283128168,227.90322230267924,273.0596307023896
2020-07-13,Out-Degree,328.17848410757944,264.5541818181818,255.89401818181818,273.10967272727277,206.40260680666185,194.3263034033309,218.95166545981172
2020-07-13,Total-Degree,656.3569682151589,489.77527272727275,467.8769090909091,513.0150181818182,455.4815351194786,430.61524257784214,483.21618392469225
2020-07-13,Self-Visit-Ratio,0.04315509860046203,0.044677009656067565,0.04253516249068471,0.046893601934572794,0.04759375865859744,0.04388033483259835,0.0515443468131472
2020-07-20,Betweenness,9.248970003476933e-05,9.70173935593787e-05,8.967702537226413e-05,0.00010402590116609431,9.931672067256127e-05,8.315223692587972e-05,0.0001189938118955571
2020-07-20,In-Degree,330.42500924898263,229.1988346686089,211.46227239621268,248.18390386016023,252.31236442516268,232.33261026753436,275.24855386840204
2020-07-20,Out-Degree,330.42500924898263,267.4319009468318,258.79512017479976,275.83244719592136,206.10990600144612,193.7875813449024,218.2836406362979
2020-07-20,Total-Degree,660.8500184979653,496.63073561544064,473.86811726147124,518.9702294246176,458.4222704266088,430.54215473608105,488.6261569052784
2020-07-20,Self-Visit-Ratio,0.04261492682916129,0.04499174661425978,0.043087426287553604,0.04692914508761347,0.04557439133166016,0.04186811687874703,0.049505174144128736
2020-07-27,Betweenness,9.289409904983152e-05,9.515183134607604e-05,8.808817279190367e-05,0.00010191917521620972,0.00010215925615224389,8.621210847285104e-05,0.00012229444495711733
2020-07-27,In-Degree,335.9912676681714,232.46700507614213,213.8681834662799,252.27271573604062,259.1676300578035,238.09539378612718,281.0894689306358
2020-07-27,Out-Degree,335.9912676681714,268.7795503988397,259.8905366207396,277.1862944162437,211.4400289017341,199.72070086705202,224.670700867052
2020-07-27,Total-Degree,671.9825353363428,501.24655547498185,479.5807831762146,525.1654822335025,470.60765895953756,443.83928829479765,498.7552565028902
2020-07-27,Self-Visit-Ratio,0.04825981113324373,0.05231281394723171,0.049774168587356685,0.055174979607684464,0.06175406800216539,0.05746761465565979,0.06584788589439998
2020-08-03,Betweenness,9.362638048716616e-05,9.407319859592054e-05,8.743417829685e-05,0.00010131302195875033,0.00010802808199511324,8.924067956499167e-05,0.0001292999769168831
2020-08-03,In-Degree,332.7214832429219,228.2638081395349,209.92985101744185,248.02950581395348,263.7606961566352,241.61733139956488,286.8765953589558
2020-08-03,Out-Degree,332.7214832429219,264.4890988372093,256.3986736918605,272.38668241279066,212.6374184191443,199.76107686729515,225.9713560551124
2020-08-03,Total-Degree,665.4429664858438,492.7529069767442,472.90374273255816,516.9162063953488,476.3981145757796,448.2757976794779,504.99563089195067
2020-08-03,Self-Visit-Ratio,0.04479068222286026,0.04519862781786042,0.04287844671458597,0.04744431007604255,0.046791786880999345,0.04330390764258252,0.05002424877983881
2020-08-10,Betweenness,9.260202125003218e-05,9.073217159407114e-05,8.413228667249843e-05,9.82481468704168e-05,0.00010545400055780665,8.648465144975024e-05,0.00012853483597572248
2020-08-10,In-Degree,325.85198958720713,211.3981077147016,193.1341521106259,230.16846797671033,253.2906976744186,232.6278706395349,275.03212209302325
2020-08-10,Out-Degree,325.85198958720713,242.95924308588064,235.61835880640464,250.72916666666666,208.30523255813952,194.20341569767442,221.14598473837208
2020-08-10,Total-Degree,651.7039791744143,454.35735080058225,434.38890101892287,477.53200509461425,461.59593023255815,435.0692405523256,490.985519622093
2020-08-10,Self-Visit-Ratio,0.041856617386866905,0.04287291537556319,0.040831298537730536,0.04491818170321235,0.044769424019667325,0.041406890536950305,0.04845586589384246
2020-08-17,Betweenness,9.703938837467098e-05,9.328352381569965e-05,8.582494943084348e-05,0.00010126114091530914,0.00011323600636972521,9.353088540604704e-05,0.00014061548946643808
2020-08-17,In-Degree,341.17033948779033,221.72448979591837,204.94105320699708,243.10810860058308,270.6863173216885,249.50745997088794,296.0644832605531
2020-08-17,Out-Degree,341.17033948779033,260.32215743440236,251.78780976676387,267.77855320699706,220.44468704512371,207.13802765647745,234.93780931586608
2020-08-17,Total-Degree,682.3406789755807,482.0466472303207,461.03028425655975,503.11299198250725,491.13100436681225,462.35467612809316,520.8195232896652
2020-08-17,Self-Visit-Ratio,0.04133480683270147,0.04508054202860796,0.04224049743835252,0.048440464640871775,0.041861006216575264,0.03823531237997263,0.04535768284704647
2020-08-24,Betweenness,9.234669122370253e-05,8.746392593499384e-05,8.037058351333412e-05,9.48912325087777e-05,0.00010734697697038653,8.764448882596041e-05,0.00013364139060787796
2020-08-24,In-Degree,319.860821673117,203.6489439184268,187.5927530954115,223.5424799708667,250.97963636363636,229.72012727272727,273.89723636363635
2020-08-24,Out-Degree,319.860821673117,237.81718863801893,230.38627093954844,244.85640932265113,205.14254545454546,192.1931090909091,217.7844
2020-08-24,Total-Degree,639.721643346234,441.46613255644576,423.68690823015294,462.30717407137655,456.12218181818184,430.1713636363637,483.8624
2020-08-24,Self-Visit-Ratio,0.041122330803289295,0.0435238870546906,0.04116371090840833,0.045927058086114796,0.040873875612214845,0.03764134856399995,0.044200447109995225
2020-08-31,Betweenness,9.568256667864534e-05,9.093043064429354e-05,8.44761272929894e-05,9.83526641342551e-05,0.0001209733931464089,9.528973219763401e-05,0.000158769009200881
2020-08-31,In-Degree,340.7029378951283,222.37345003646973,204.83307804522246,241.50510576221734,274.1749271137026,249.4975218658892,297.9014577259475
2020-08-31,Out-Degree,340.7029378951283,257.01312910284463,248.67899343544858,264.7780816921955,224.1625364431487,210.05258746355685,239.39828717201163
2020-08-31,Total-Degree,681.4058757902566,479.3865791393144,458.9568927789934,503.52500000000003,498.33746355685133,471.2868622448979,528.4786807580174
2020-08-31,Self-Visit-Ratio,0.044077185586824344,0.04694288798922126,0.04409268705643014,0.049939327575749905,0.04794562467880075,0.04465248808077661,0.051503188577998904
2020-09-07,Betweenness,9.450798565159671e-05,8.782064743435406e-05,8.118417840868206e-05,9.526184355571867e-05,0.00012286132639352081,9.721063506721957e-05,0.00016253492381722008
2020-09-07,In-Degree,339.1708187699859,220.14795918367346,201.8475583090379,241.403972303207,281.27127272727273,260.14230909090907,306.70247272727266
2020-09-07,Out-Degree,339.1708187699859,251.74489795918367,243.61969752186587,259.5641581632653,226.21236363636365,212.07600000000002,241.07789090909094
2020-09-07,Total-Degree,678.3416375399718,471.89285714285717,450.26618075801747,494.81029518950436,507.4836363636364,478.9633090909091,535.7271454545454
2020-09-07,Self-Visit-Ratio,0.04498100583428069,0.047782307581587025,0.045541140730941274,0.050285023859777976,0.048843360792183196,0.045749755899609175,0.05176348620268184
2020-09-14,Betweenness,9.14853383927748e-05,8.573472647625165e-05,7.908484328436935e-05,9.243825984901089e-05,0.00012170376643516293,9.545354202333257e-05,0.0001630153345439301
2020-09-14,In-Degree,317.8974530831099,209.48064280496712,192.40462016070123,229.12951059167276,275.4647785039942,253.3076615831518,300.1472403776325
2020-09-14,Out-Degree,317.8974530831099,237.32213294375455,229.85266617969322,244.32832359386413,215.17211328976035,202.8341684822077,229.85268700072623
2020-09-14,Total-Degree,635.7949061662198,446.8027757487217,427.3697954711468,467.3115047479912,490.63689179375456,460.7044117647059,519.8433006535948
2020-09-14,Self-Visit-Ratio,0.04443178178306041,0.045693743686328905,0.043343006631019934,0.0479683525059569,0.046185017289889135,0.04327361319924603,0.04930043764384468
2020-09-21,Betweenness,9.398319508078057e-05,8.674441731933689e-05,8.008731583803718e-05,9.322763176815436e-05,0.0001212771143442529,9.706962713456469e-05,0.00015775270147143613
2020-09-21,In-Degree,328.7200178664483,215.3267543859649,197.48786549707603,234.94815423976607,285.792,260.07809090909086,312.22481818181814
2020-09-21,Out-Degree,328.7200178664483,245.21491228070175,237.59890350877194,253.05826023391813,220.22036363636363,206.15912727272726,234.1014181818182
2020-09-21,Total-Degree,657.4400357328966,460.5416666666667,440.3016264619883,481.9841557017544,506.01236363636366,474.2259818181818,537.9066
2020-09-21,Self-Visit-Ratio,0.04444940327886252,0.04707103797898283,0.04468802417824401,0.04990021672480119,0.04710761676742007,0.04384427697726745,0.050295202932015254
2020-09-28,Betweenness,9.273010370836271e-05,8.270765887876213e-05,7.71149415182178e-05,8.912754725356174e-05,0.00013011480223036338,0.00010331070447149355,0.00016610098161837464
2020-09-28,In-Degree,329.5068186899173,212.27080291970802,195.0233211678832,234.729598540146,289.5047341587764,261.7599599417334,318.04255280407864
2020-09-28,Out-Degree,329.5068186899173,242.96496350364964,234.7409489051095,250.15275547445256,231.16387472687546,218.67729424617625,244.4119446467589
2020-09-28,Total-Degree,659.0136373798346,455.2357664233577,434.32532846715327,478.06638686131384,520.6686088856519,488.8896576839039,553.6241260014567
2020-09-28,Self-Visit-Ratio,0.05010538518987269,0.052160283680635695,0.04950133559992049,0.05513716515758883,0.06712135504568245,0.06350084284764425,0.07090040136071789
2020-10-05,Betweenness,9.438384267355468e-05,8.41189703339156e-05,7.85291307257624e-05,9.111828308687153e-05,0.00013457834730224992,0.00010420598739545066,0.0001781119178056299
2020-10-05,In-Degree,335.453781512605,212.51098096632504,194.7739385065886,234.18195461200585,297.72113289760347,271.9197893972404,327.20866013071895
2020-10-05,Out-Degree,335.453781512605,244.2364568081991,236.73047218155196,251.93640190336748,239.1532316630356,223.9048474945534,254.51236383442264
2020-10-05,Total-Degree,670.90756302521,456.74743777452414,438.20514275256227,479.26614202049774,536.874364560639,503.266049382716,573.5248366013072
2020-10-05,Self-Visit-Ratio,0.036639679280763206,0.03443779193677216,0.03266061282953198,0.036358123976739425,0.030682158517089397,0.028371624194226102,0.03301900220693116
2020-10-12,Betweenness,9.226153874010198e-05,8.32535476758659e-05,7.758560791247921e-05,9.019099438159093e-05,0.00012839981404373356,0.00010065597915186915,0.00016735842863398596
2020-10-12,In-Degree,324.14047121980315,201.5219298245614,184.58707967836256,220.28916301169593,282.3217138707335,257.5754175744372,306.9689179375454
2020-10-12,Out-Degree,324.14047121980315,232.9188596491228,225.6110745614035,240.20036549707604,226.33841684822076,213.1811183732752,241.0687908496732
2020-10-12,Total-Degree,648.2809424396063,434.4407894736842,415.3699926900585,453.5733735380117,508.66013071895424,479.13169934640524,540.9914124909224
2020-10-12,Self-Visit-Ratio,0.0439764064031548,0.0484911300009284,0.046091305235915904,0.05107846631205271,0.04440305369915108,0.04161286409425254,0.047165147410757585
2020-10-19,Betweenness,9.35230313575063e-05,8.520124541120968e-05,7.882114982324329e-05,9.16840330282545e-05,0.00013439036560326104,0.00010610455188796168,0.000171479806425219
2020-10-19,In-Degree,331.9487541837114,210.63649635036495,193.52733576642336,230.8865510948905,298.8785454545455,273.38656363636363,327.6101090909091
2020-10-19,Out-Degree,331.9487541837114,240.32846715328466,232.95751824817518,247.93262773722626,234.84,219.83661818181818,249.0642
2020-10-19,Total-Degree,663.8975083674228,450.96496350364964,430.6152189781022,473.1161131386861,533.7185454545455,500.81092727272727,567.9421636363637
2020-10-19,Self-Visit-Ratio,0.043806889541984695,0.047119475334147544,0.044816937771390494,0.04939449504758052,0.044980537590644736,0.041962114656468805,0.04777612385567866
2020-10-26,Betweenness,8.705430955721593e-05,8.182030481658414e-05,7.627082238030402e-05,8.804473324970882e-05,0.00012397568406570994,9.751590761808914e-05,0.00016246390787417488
2020-10-26,In-Degree,308.06047580226783,201.8640988372093,185.24731104651164,221.35392441860466,274.838593974175,251.04076398852223,300.54241391678624
2020-10-26,Out-Degree,308.06047580226783,226.87209302325581,220.14202398255813,233.9558684593023,219.31850789096126,207.19135581061693,232.61059899569582
2020-10-26,Total-Degree,616.1209516045357,428.7361918604651,411.53015988372096,449.37396438953493,494.1571018651363,462.66145982783354,525.7891678622669
2020-10-26,Self-Visit-Ratio,0.043847348699394835,0.04718104403306546,0.044920350008639344,0.04924555339568644,0.042224731592458604,0.03937740491507018,0.04500817616354897
2020-11-02,Betweenness,8.893308087017122e-05,8.193309455430415e-05,7.505535263317733e-05,8.91372000215738e-05,0.00012881291390082732,0.0001048682889718265,0.0001599647903481289
2020-11-02,In-Degree,320.92287214375506,204.91878172588832,187.6158448150834,225.70777737490934,285.4529115744069,258.7813623292595,312.87543134435657
2020-11-02,Out-Degree,320.92287214375506,232.3763596809282,224.93560551124,239.2387781000725,235.50539180445722,221.91613946800865,252.09937095614663
2020-11-02,Total-Degree,641.8457442875101,437.2951414068165,418.1933103698332,458.2908992023205,520.9583033788641,488.3596872753415,554.3229331416247
2020-11-02,Self-Visit-Ratio,0.04682254198639079,0.04844726691544314,0.046253589799938204,0.05076992314064903,0.050922156386641666,0.04781578932971541,0.053918193824657
2020-11-09,Betweenness,8.417070944697941e-05,7.787797888703991e-05,7.212558302782315e-05,8.396354314668802e-05,0.00011727351835051804,9.650967374569343e-05,0.0001457766508351131
2020-11-09,In-Degree,303.5770683653063,189.69644153957879,172.96263616557735,207.86757443718227,267.6511127063891,242.62465900933236,291.69953338119166
2020-11-09,Out-Degree,303.5770683653063,215.00508351488745,208.28856209150325,221.83266158315175,221.40488155061018,208.99120603015075,235.34615936826992
2020-11-09,Total-Degree,607.1541367306125,404.70152505446623,386.71817356572257,423.9411401597676,489.05599425699927,459.9220208183776,517.4665470208183
2020-11-09,Self-Visit-Ratio,0.04374695260608491,0.04783097415868486,0.04504887729252332,0.050571574331238434,0.04640946458188939,0.04366468175977818,0.04954822235313228
2020-11-16,Betweenness,8.232530015940019e-05,7.655467765697258e-05,7.063156752804337e-05,8.373201515281015e-05,0.00011358440618454677,9.28967783431263e-05,0.00013715643570044923
2020-11-16,In-Degree,298.0871240183731,186.82836363636363,170.71885454545455,203.6092909090909,256.0853658536585,233.06841822094694,280.01967360114776
2020-11-16,Out-Degree,298.0871240183731,210.54327272727272,203.3239818181818,216.9694909090909,214.8593974175036,202.91725251076042,227.60686872309898
2020-11-16,Total-Degree,596.1742480367462,397.37163636363636,379.26949090909096,417.67070909090904,470.9447632711621,442.90555954088956,498.04499641319944
2020-11-16,Self-Visit-Ratio,0.04365703078030337,0.04821225036614068,0.04589915672349596,0.0508279774696665,0.04390569954504174,0.0410542739992342,0.04706579022882604
2020-11-30,Betweenness,6.400429434663839e-05,5.709938909500222e-05,5.081261873728715e-05,6.492967297803414e-05,7.974941355582928e-05,6.600505613257738e-05,9.57627230950495e-05
2020-11-30,In-Degree,216.29599518217404,134.2023460410557,119.05071480938416,155.41026392961876,178.49096167751264,163.1969269703543,197.0386478669559
2020-11-30,Out-Degree,216.29599518217404,150.54545454545453,144.67217741935482,157.5065249266862,149.763557483731,140.24660159074475,160.37812725958062
2020-11-30,Total-Degree,432.5919903643481,284.74780058651027,266.8968658357771,308.2120417888563,328.25451916124365,308.5575018076645,351.81691973969623
2020-11-30,Self-Visit-Ratio,0.04761495674942876,0.05561086077271482,0.052639639581820157,0.058828827330421,0.05084075399902126,0.04758093877842911,0.05466557619090818
2020-12-21,Betweenness,7.467208161922664e-05,6.929897451667928e-05,6.422747314906946e-05,7.496716639585303e-05,8.598794196413624e-05,7.387945979926351e-05,0.000101297318349221
2020-12-21,In-Degree,273.81975507809636,168.14775160599572,152.47185938615274,187.74500356887935,208.6833922261484,188.4268374558304,230.4096996466431
2020-12-21,Out-Degree,273.81975507809636,187.10849393290508,181.1552284082798,193.45783369022124,183.32650176678445,173.0239222614841,193.79929328621907
2020-12-21,Total-Degree,547.6395101561927,355.25624553890077,337.12837259100644,375.93802640970733,392.00989399293286,365.5029151943463,419.86371024734984
2020-12-21,Self-Visit-Ratio,0.04328647791239185,0.049698899763824654,0.046925488350259344,0.052387620718503135,0.04368869452677544,0.04022519296498534,0.04727293639644989
2020-12-28,Betweenness,7.332284560785804e-05,6.693421012265881e-05,6.178084643893489e-05,7.214501771056947e-05,8.224995558453505e-05,7.030846101155214e-05,9.692430038558966e-05
2020-12-28,In-Degree,269.63158280768664,161.8904011461318,147.81724570200575,178.7556053008596,202.46577275935073,181.84606563161609,223.43447424135496
2020-12-28,Out-Degree,269.63158280768664,179.6855300859599,173.3939828080229,185.79147564469915,178.53281580804517,167.88756175017642,190.26570218772054
2020-12-28,Total-Degree,539.2631656153733,341.5759312320917,325.96284025787963,360.9215078796562,380.9985885673959,355.76093860268173,408.22863443895557
2020-12-28,Self-Visit-Ratio,0.048189961610118244,0.05451815875517505,0.05193655416335621,0.057302596922124374,0.05529039183804793,0.05121081406542883,0.059451962149356115
2021-01-04,Betweenness,7.602235879357863e-05,7.363823941119435e-05,6.841607461377234e-05,7.996045799201878e-05,8.576752207875252e-05,7.381735551040677e-05,0.00010011104620372526
2021-01-04,In-Degree,276.9701799485861,171.70651395848247,157.57797065139587,187.99191123836792,220.32743988684584,199.954013437058,241.52786421499292
2021-01-04,Out-Degree,276.9701799485861,194.16249105225484,188.33580887616324,200.52254831782392,185.005657708628,175.33431753889676,196.8382072135785
2021-01-04,Total-Degree,553.9403598971722,365.8690050107373,350.082498210451,384.90758768790266,405.3330975954738,381.0129596888261,429.5763967468175
2021-01-04,Self-Visit-Ratio,0.04884402198949511,0.05434010513344246,0.05146008918245558,0.05734439754775407,0.05907582383772915,0.054911481733360065,0.06327381269100428
2021-01-11,Betweenness,7.493227947283248e-05,7.035826397799247e-05,6.515508633915975e-05,7.61251293923566e-05,8.491523789377221e-05,7.266696105461244e-05,9.740087889086595e-05
2021-01-11,In-Degree,270.51946713770513,163.78642857142856,150.54692857142857,179.92758928571428,217.0819209039548,198.8075388418079,236.68033192090397
2021-01-11,Out-Degree,270.51946713770513,181.53071428571428,175.59839285714287,187.70217857142856,181.4611581920904,170.8365466101695,193.066843220339
2021-01-11,Total-Degree,541.0389342754103,345.31714285714287,330.4005714285714,362.859625,398.5430790960452,375.18587570621474,422.246645480226
2021-01-11,Self-Visit-Ratio,0.04565273161248077,0.05048890184901781,0.048021105471479905,0.05314560736375266,0.049557695431828655,0.04607290399974912,0.05334737153270978
2021-01-18,Betweenness,7.303589965397924e-05,6.647791770102632e-05,6.155452302299586e-05,7.114919515013002e-05,8.202081744623126e-05,7.08264924867494e-05,9.37631199259095e-05
2021-01-18,In-Degree,269.75080882352944,156.5984308131241,143.38725035663336,170.41940085592012,211.626148409894,191.801925795053,232.31104240282684
2021-01-18,Out-Degree,269.75080882352944,174.51569186875892,168.68883737517834,180.08860556348074,181.67491166077738,171.42973498233215,193.40457597173145
2021-01-18,Total-Degree,539.5016176470589,331.11412268188303,316.6540656205421,348.6288873038516,393.3010600706714,370.3951236749117,418.1303710247349
2021-01-18,Self-Visit-Ratio,0.044663640817712194,0.051517042081195126,0.04878457905773437,0.05435564584130646,0.04719986657770612,0.04365768654675911,0.05088118989559081
2021-01-25,Betweenness,7.010119819361923e-05,6.404571264208753e-05,5.971464777914036e-05,6.895762302927059e-05,7.910385669793413e-05,6.847698166114103e-05,9.10223880912219e-05
2021-01-25,In-Degree,255.8575427224514,150.33166904422254,138.5501248216833,164.05008915834523,205.69617563739376,186.8168909348442,224.57260977337108
2021-01-25,Out-Degree,255.8575427224514,167.95007132667618,162.48464693295293,173.77633737517831,172.66218130311614,163.0165014164306,183.14001416430594
2021-01-25,Total-Degree,511.7150854449028,318.2817403708987,304.83443295292443,334.1789942938659,378.3583569405099,353.83443696883853,402.4912535410765
2021-01-25,Self-Visit-Ratio,0.04461491455398538,0.05077315860398854,0.04778415589129677,0.05396696085510021,0.046779515829013144,0.0430027461862002,0.05067128037358521
2021-02-01,Betweenness,5.996840390871046e-05,5.4792358026166575e-05,5.0664926475520205e-05,5.913015585461726e-05,7.314281898201598e-05,6.361279097625669e-05,8.408825870221961e-05
2021-02-01,In-Degree,219.93326942928772,132.59110473457676,121.85109397417503,144.77819225251076,175.4203821656051,159.5063871196037,192.4921620665251
2021-02-01,Out-Degree,219.93326942928772,145.49856527977045,140.97767216642754,150.21393472022956,150.0969568294409,142.23211252653925,158.61507430997875
2021-02-01,Total-Degree,439.86653885857544,278.0896700143472,266.1234218077475,289.8865674318508,325.517338995046,306.54674451521583,346.12676928520875
2021-02-01,Self-Visit-Ratio,0.052926895218571766,0.059611283206982,0.05629366058943954,0.06300652509301491,0.06051965267818176,0.056657192996986835,0.06462715765376062
