Date,Subways: Total Estimated Ridership,Subways: % Change From Prior Year Equivalent Day,Buses: Total Estimated Ridership,Buses: % Change From Prior Year Equivalent Day,LIRR: Total Estimated Ridership,LIRR: % Change From 2019 Monthly Weekday/Saturday/Sunday Average,Metro-North: Total Estimated Ridership,Metro-North: % Change From 2019 Monthly Weekday/Saturday/Sunday Average,Access-A-Ride: Total Scheduled Trips,Access-A-Ride: % Change From 2019 Monthly Weekday/Saturday/Sunday Average,Bridges and Tunnels: Total Traffic,Bridges and Tunnels: % Change From Prior Year Equivalent Day
3/14/2021,922126,-62.1%,444459,-57%,30400,-65%,31800,-66%,9732,-44.8%,673170,-20.2%
3/13/2021,1255953,-60.6%,678222,-50%,38500,-64%,52300,-61%,11932,-29.6%,776744,-14.2%
3/12/2021,1916277,-66.0%,1049833,-53%,82400,-74%,63200,-77%,21724,-26.9%,873014,-12.5%
3/11/2021,1884706,-67.6%,1085888,-54%,80400,-74%,59000,-79%,22617,-23.9%,836773,-13.3%
3/10/2021,1852126,-68.0%,1093016,-54%,78100,-75%,58100,-79%,22774,-23.4%,804700,-13.4%
3/9/2021,1837271,-68.1%,1097165,-53%,79300,-75%,57700,-79%,22200,-25.3%,791512,-12.9%
3/8/2021,1722650,-69.1%,1036815,-55%,79400,-75%,56100,-80%,20685,-30.4%,767707,-15.0%
3/7/2021,894071,-57.7%,525016,-41%,29300,-66%,30700,-67%,9843,-44.1%,662461,-13.9%
3/6/2021,1167803,-62.5%,695563,-49%,37200,-66%,45300,-67%,11951,-29.4%,728236,-18.7%
3/5/2021,1829046,-67.8%,1040307,-53%,79100,-75%,58600,-79%,21842,-26.6%,846071,-14.1%
3/4/2021,1812097,-68.6%,1077000,-52%,78600,-75%,55100,-80%,21727,-26.9%,807284,-13.9%
3/3/2021,1849942,-67.5%,1118013,-50%,78800,-75%,55500,-80%,22823,-23.3%,798577,-11.9%
3/2/2021,1752960,-69.4%,1024143,-55%,75300,-76%,51600,-81%,20640,-30.6%,763489,-14.9%
3/1/2021,1699607,-60.6%,1020837,-35%,74400,-76%,51300,-81%,20359,-31.5%,747909,9.0%
2/28/2021,810902,-63.9%,488106,-50%,23800,-70%,27700,-70%,8910,-49.2%,619960,-21.2%
2/27/2021,1074239,-62.3%,638098,-49%,28800,-69%,38900,-70%,11319,-30.4%,681969,-19.0%
2/26/2021,1824755,-67.9%,1062159,-52%,76700,-75%,56100,-79%,21911,-23.6%,851052,-11.5%
2/25/2021,1801663,-68.0%,1068768,-53%,75000,-75%,53400,-80%,22138,-22.8%,814611,-12.2%
2/24/2021,1809953,-67.6%,1094207,-51%,74800,-75%,53500,-80%,23223,-19.0%,797488,-10.3%
2/23/2021,1733207,-67.9%,1039252,-53%,73500,-76%,51600,-81%,20852,-27.2%,759850,-13.1%
2/22/2021,1584531,-30.4%,930454,-8%,69700,-77%,48900,-82%,19015,-33.7%,691608,-19.6%
2/21/2021,837871,-63.2%,511696,-49%,25200,-68%,27300,-70%,9195,-47.6%,605395,-23.9%
2/20/2021,1112826,-61.9%,677115,-46%,30900,-67%,41200,-69%,10578,-34.9%,657045,-21.0%
2/19/2021,1566326,-70.8%,813410,-59%,64100,-79%,48700,-82%,14172,-50.6%,608152,-34.6%
2/18/2021,1383212,-74.2%,714226,-65%,58000,-81%,43000,-84%,15843,-44.7%,456327,-49.7%
2/17/2021,1735046,-66.3%,1015202,-48%,74200,-75%,53700,-80%,22336,-22.1%,821333,-6.9%
2/16/2021,1628620,-49.1%,950374,-30%,72700,-76%,49900,-81%,19126,-33.3%,726224,-15.3%
2/15/2021,1216595,-47.8%,720865,-26%,65700,-78%,30000,-89%,11437,-60.1%,641883,-18.8%
2/14/2021,858877,-63.2%,479319,-51%,23400,-70%,28200,-69%,7835,-55.3%,551288,-27.2%
2/13/2021,1093261,-60.7%,656637,-42%,29300,-69%,40800,-69%,11669,-28.2%,666722,-19.1%
2/12/2021,1709253,-69.2%,965421,-54%,72100,-76%,53700,-80%,20165,-29.6%,803912,-17.8%
2/11/2021,1717804,-69.7%,1005348,-54%,70200,-77%,50500,-81%,20144,-29.7%,755367,-17.5%
2/10/2021,1753405,-68.5%,1052021,-54%,71300,-76%,50100,-81%,22169,-22.7%,769088,-12.6%
2/9/2021,1669590,-70.2%,992290,-56%,69500,-77%,47600,-82%,19386,-32.4%,682085,-20.8%
2/8/2021,1642828,-69.5%,964007,-55%,71000,-77%,50900,-81%,17786,-37.9%,701146,-17.1%
2/7/2021,653257,-71.0%,367094,-63%,17100,-78%,19400,-79%,7115,-59.4%,340122,-55.6%
2/6/2021,1149757,-61.4%,715717,-44%,29200,-69%,40300,-69%,12020,-26.1%,689415,-17.0%
2/5/2021,1744130,-68.4%,1001775,-53%,68900,-77%,51300,-81%,20136,-29.7%,766091,-16.4%
2/4/2021,1789214,-68.4%,1033791,-53%,71300,-76%,51000,-81%,20328,-29.1%,742193,-16.1%
2/3/2021,1705655,-70.0%,949696,-59%,69100,-77%,49700,-82%,16869,-41.1%,656614,-25.1%
2/2/2021,1007502,-82.0%,543073,-76%,22800,-92%,30600,-89%,8155,-71.5%,311607,-63.6%
2/1/2021,584184,-89.1%,337228,-85%,8600,-97%,16700,-94%,12202,-57.4%,156759,-81.7%
1/31/2021,723473,-67.7%,427945,-56%,23100,-72%,28400,-69%,8616,-44.8%,573512,-18.5%
1/30/2021,943426,-67.2%,566837,-55%,26600,-73%,40800,-69%,10284,-29.1%,652550,-17.4%
1/29/2021,1514326,-72.0%,812264,-62%,65100,-78%,49700,-82%,19047,-28.5%,780131,-16.4%
1/28/2021,1650014,-70.8%,950205,-57%,70000,-77%,52000,-81%,20139,-24.4%,768600,-10.9%
1/27/2021,1663376,-70.5%,1004793,-55%,70400,-77%,50500,-81%,19841,-25.5%,740154,-15.3%
1/26/2021,1553918,-72.2%,911579,-59%,68200,-77%,49300,-82%,18115,-32.0%,653068,-23.6%
1/25/2021,1595694,-69.6%,978987,-53%,73100,-76%,52100,-81%,19991,-25.0%,727393,-13.8%
1/24/2021,741960,-68.2%,458203,-54%,24000,-71%,29000,-68%,8317,-46.8%,560522,-26.7%
1/23/2021,998665,-61.7%,619673,-40%,27900,-71%,42700,-67%,10536,-27.4%,640381,-14.0%
1/22/2021,1675175,-68.6%,1018584,-51%,71300,-76%,54000,-80%,20375,-23.5%,787474,-15.2%
1/21/2021,1656100,-69.6%,1007042,-53%,71200,-76%,52000,-81%,19925,-25.2%,760221,-14.7%
1/20/2021,1578038,-70.9%,921372,-57%,67900,-78%,50000,-81%,19281,-27.6%,712711,-17.8%
1/19/2021,1639243,-69.2%,1013615,-51%,72600,-76%,52600,-80%,21049,-21.0%,736254,-14.9%
1/18/2021,1279119,-59.9%,766927,-41%,68700,-77%,31900,-88%,14124,-47.0%,689251,-13.5%
1/17/2021,798564,-65.0%,504031,-47%,24200,-71%,32900,-64%,9880,-36.8%,580771,-17.4%
1/16/2021,992599,-61.7%,645625,-36%,27100,-72%,43400,-67%,11654,-19.6%,631135,-1.9%
1/15/2021,1630098,-69.5%,981816,-52%,70200,-77%,54000,-80%,21819,-18.1%,788779,-17.2%
1/14/2021,1650630,-70.1%,1017757,-53%,70900,-77%,52500,-80%,21950,-17.6%,754071,-16.7%
1/13/2021,1644812,-70.2%,996646,-55%,70600,-77%,51700,-81%,22720,-14.7%,737859,-16.7%
1/12/2021,1643725,-69.7%,997279,-54%,71400,-76%,52100,-81%,21623,-18.8%,730831,-15.1%
1/11/2021,1571330,-69.9%,966518,-55%,72300,-76%,51400,-81%,21089,-20.8%,708058,-16.5%
1/10/2021,763690,-66.7%,501436,-50%,23800,-71%,29300,-68%,9467,-39.4%,564543,-25.4%
1/9/2021,991218,-67.0%,643475,-51%,27000,-72%,42900,-67%,12023,-17.1%,630790,-24.0%
1/8/2021,1622259,-70.3%,982175,-54%,68600,-77%,51500,-81%,21641,-18.8%,754548,-17.5%
1/7/2021,1614248,-70.5%,989096,-53%,69700,-77%,51000,-81%,21571,-19.0%,736609,-17.0%
1/6/2021,1616889,-70.3%,996123,-54%,70300,-77%,50800,-81%,22795,-14.4%,726679,-14.9%
1/5/2021,1600910,-70.4%,990479,-54%,70400,-77%,51000,-81%,21641,-18.8%,708610,-15.8%
1/4/2021,1561237,-70.2%,964597,-54%,71100,-76%,50900,-81%,20612,-22.6%,688045,-17.4%
1/3/2021,653915,-71.3%,413820,-56%,20800,-75%,25200,-72%,9745,-37.6%,496494,-29.4%
1/2/2021,989612,-64.8%,608687,-49%,28900,-70%,44500,-66%,10450,-27.9%,624765,-15.5%
1/1/2021,614497,-73.4%,378288,-50%,29000,-90%,8200,-97%,5960,-77.6%,445950,-46.2%
12/31/2020,1277146,-68.0%,780869,-51%,75200,-76%,21600,-92%,5960,-79.1%,704297,-14.0%
12/30/2020,1585476,-63.4%,935139,-39%,79300,-75%,58000,-79%,17167,-39.8%,799839,19.6%
12/29/2020,1558295,-64.0%,918291,-40%,78900,-75%,56200,-80%,19717,-30.8%,759864,-4.2%
12/28/2020,1513195,-65.1%,902574,-41%,81600,-74%,58500,-79%,18820,-34.0%,743305,-9.1%
12/27/2020,761251,-69.8%,469973,-50%,34400,-68%,33200,-69%,9457,-48.7%,594862,-23.9%
12/26/2020,880184,-71.8%,555857,-54%,36000,-72%,42400,-73%,9094,-47.2%,593895,-30.3%
12/25/2020,485839,-72.1%,312707,-53%,51300,-84%,7300,-97%,8611,-69.8%,411513,-53.8%
12/24/2020,1314656,-64.0%,813353,-47%,75800,-76%,54600,-80%,15928,-44.1%,760624,-10.4%
12/23/2020,1775738,-62.6%,1033609,-44%,84400,-73%,59700,-79%,23305,-18.2%,864271,12.8%
12/22/2020,1764202,-62.8%,1031789,-44%,82000,-74%,56400,-80%,22820,-19.9%,814975,-10.0%
12/21/2020,1719279,-63.8%,1011638,-45%,81200,-74%,56800,-80%,21647,-24.0%,777049,-16.1%
12/20/2020,822001,-69.2%,516601,-50%,32600,-69%,30500,-72%,9585,-48.0%,555254,-33.8%
12/19/2020,1112852,-65.0%,669751,-47%,41100,-68%,46600,-70%,11589,-32.7%,651814,-28.2%
12/18/2020,1738727,-69.3%,938457,-55%,74900,-76%,54400,-81%,17537,-38.5%,736356,-25.8%
12/17/2020,1081431,-81.2%,525801,-74%,21400,-93%,17600,-94%,9940,-65.1%,297298,-69.5%
12/16/2020,1571978,-73.5%,854246,-61%,68100,-78%,47600,-83%,19296,-32.3%,625006,-33.8%
12/15/2020,1786741,-68.6%,1076717,-47%,78400,-75%,54600,-80%,23432,-17.8%,819063,-5.5%
12/14/2020,1587068,-72.3%,950309,-56%,75000,-76%,51500,-82%,21333,-25.1%,723908,-20.2%
12/13/2020,911519,-67.6%,579526,-45%,39300,-63%,36800,-66%,10208,-44.6%,659446,-21.6%
12/12/2020,1091372,-68.4%,704357,-45%,41800,-67%,46400,-70%,12307,-28.6%,671668,-23.8%
12/11/2020,1789568,-69.8%,1053575,-50%,79700,-75%,55900,-80%,22751,-20.2%,821871,-16.1%
12/10/2020,1764682,-71.0%,1066582,-52%,76800,-76%,52800,-81%,22845,-19.8%,784406,-19.9%
12/9/2020,1705159,-71.3%,1017090,-54%,74700,-76%,50900,-82%,22459,-21.2%,749886,-15.0%
12/8/2020,1544078,-74.0%,1029646,-54%,75000,-76%,51900,-81%,22177,-22.2%,744112,-18.2%
12/7/2020,1659836,-70.5%,1018044,-51%,77800,-75%,52600,-81%,21424,-24.8%,729674,-16.7%
12/6/2020,879278,-67.1%,545433,-47%,35100,-67%,31900,-70%,9904,-46.3%,590525,-28.5%
12/5/2020,1001236,-71.6%,619734,-53%,33500,-74%,37900,-76%,10151,-41.1%,572557,-36.2%
12/4/2020,1704749,-71.4%,1012813,-54%,72100,-77%,51700,-81%,21960,-22.9%,775709,-20.7%
12/3/2020,1739370,-71.3%,1056963,-54%,75100,-76%,52000,-81%,22941,-19.5%,767310,-20.5%
12/2/2020,1703245,-71.5%,1018368,-56%,73600,-77%,50500,-82%,22712,-20.3%,746840,-19.8%
12/1/2020,1709780,-70.7%,1051162,-53%,73600,-77%,50200,-82%,21693,-23.9%,752069,-16.1%
11/30/2020,1462166,-72.3%,819615,-58%,80000,-76%,54200,-81%,19751,-33.1%,652663.55,-14.6%
11/29/2020,827800,-59.3%,545820,-33%,32600,-65%,34400,-67%,9360,-49.0%,631798.95,-13.1%
11/28/2020,1034026,-62.9%,684961,-44%,37800,-67%,45600,-70%,10808,-36.2%,649087.3375,-28.1%
11/27/2020,1265519,-63.7%,812187,-43%,77300,-76%,12300,-96%,12395,-58.0%,671213.9,-16.4%
11/26/2020,653123,-69.2%,443386,-46%,72600,-78%,10700,-96%,12151,-58.9%,564192.825,-37.5%
11/25/2020,1691393,-68.0%,1032400,-52%,93400,-72%,67200,-77%,21450,-27.4%,853222.3875,-13.6%
11/24/2020,1739107,-70.2%,1064087,-54%,89800,-73%,61100,-79%,22814,-22.8%,821449.8375,-17.7%
11/23/2020,1649748,-71.2%,1002977,-56%,87700,-73%,59500,-79%,21297,-27.9%,755374.9125,-16.6%
11/22/2020,818055,-63.7%,543514,-42%,31000,-67%,31900,-69%,10694,-41.7%,598348.7875,-20.8%
11/21/2020,1157976,-63.7%,750818,-45%,39200,-66%,51200,-66%,13193,-22.1%,742369.45,-17.2%
11/20/2020,1803896,-68.9%,1073125,-51%,87400,-73%,60400,-79%,22945,-22.3%,843069.175,-13.9%
11/19/2020,1761064,-70.7%,1058467,-55%,84700,-74%,57800,-80%,21780,-26.3%,800461.4375,-16.7%
11/18/2020,1791183,-69.8%,1072627,-54%,84100,-74%,57700,-80%,23390,-20.8%,776421.7125,-16.3%
11/17/2020,1792431,-69.6%,1094353,-53%,87000,-74%,58600,-80%,22524,-23.8%,764724.6,-16.0%
11/16/2020,1745282,-68.9%,1051458,-52%,89500,-73%,61400,-79%,21851,-26.0%,757987.5875,-14.1%
11/15/2020,821555,-66.3%,524515,-48%,30900,-67%,32900,-68%,9763,-46.8%,596389.4,-27.3%
11/14/2020,1215491,-62.4%,755714,-43%,41400,-64%,58000,-62%,12928,-23.7%,735029.2,-18.6%
11/13/2020,1820025,-69.0%,1061880,-52%,86300,-74%,61000,-79%,22054,-25.4%,821059.4875,-17.1%
11/12/2020,1780212,-70.0%,1058761,-54%,86200,-74%,58200,-80%,22059,-25.3%,779141.0625,-18.8%
11/11/2020,1617862,-66.3%,968853,-47%,83300,-75%,21200,-93%,20263,-31.4%,713639.9,-22.2%
11/10/2020,1840750,-68.4%,1146091,-48%,91500,-72%,63000,-78%,23138,-21.7%,800964.625,-9.8%
11/9/2020,1756175,-69.8%,1099362,-50%,91700,-72%,62400,-78%,21444,-27.4%,773216.925,-9.0%
11/8/2020,928516,-63.1%,584868,-44%,38500,-59%,44000,-58%,10474,-42.9%,726041.35,-15.4%
11/7/2020,1246356,-61.5%,749502,-43%,46400,-60%,66300,-56%,13409,-20.9%,790711.9625,-13.5%
11/6/2020,1840860,-68.6%,1114000,-49%,89500,-73%,65000,-77%,22659,-23.3%,858167.3875,-12.5%
11/5/2020,1797589,-70.2%,1125820,-52%,87000,-74%,59900,-79%,22937,-22.4%,818991.175,-14.3%
11/4/2020,1693937,-71.9%,1083036,-54%,81600,-75%,56400,-80%,22174,-24.9%,754703.875,-19.4%
11/3/2020,1606096,-71.0%,1017551,-52%,82100,-75%,58100,-80%,20416,-30.9%,720561.9625,-19.2%
11/2/2020,1751443,-69.9%,1064298,-54%,87200,-73%,59400,-79%,21127,-28.5%,772129.1875,-16.0%
11/1/2020,786678,-72.7%,510667,-48%,29500,-69%,35500,-66%,10180,-44.5%,660914.9,-14.9%
10/31/2020,1174079,-65.0%,724128,-48%,41500,-63%,63600,-58%,12816,-27.5%,743811.175,-19.7%
10/30/2020,1771288,-70.3%,1004498,-56%,84300,-73%,65900,-77%,21243,-28.6%,824679.725,-16.8%
10/29/2020,1708611,-70.4%,974120,-55%,81800,-74%,60300,-79%,20925,-29.7%,776466.7625,-12.4%
10/28/2020,1823028,-69.7%,1109591,-53%,86700,-72%,64000,-78%,23258,-21.9%,801965.65,-13.4%
10/27/2020,1818884,-69.6%,1138746,-51%,87400,-72%,64400,-78%,21870,-26.5%,789371.0125,-13.6%
10/26/2020,1694080,-70.6%,1058119,-54%,86700,-72%,64800,-78%,20817,-30.1%,760603.9625,-16.8%
10/25/2020,885001,-59.8%,576930,-34%,33700,-63%,45000,-57%,10074,-45.2%,725808.8875,-6.6%
10/24/2020,1185612,-64.5%,780710,-44%,43600,-62%,72200,-53%,12916,-26.9%,805453.6125,-15.4%
10/23/2020,1846268,-68.8%,1128035,-51%,89900,-71%,71100,-76%,21766,-26.9%,881994.65,-12.4%
10/22/2020,1829135,-70.1%,1146065,-52%,88700,-72%,67000,-77%,22391,-24.8%,845063.8125,-14.2%
10/21/2020,1816797,-70.0%,1147374,-52%,86200,-73%,65200,-78%,22959,-22.9%,817543.825,-13.5%
10/20/2020,1784090,-69.3%,1127896,-50%,86600,-72%,63500,-78%,21936,-26.3%,790017.55,-9.7%
10/19/2020,1722723,-69.6%,1104657,-52%,89200,-72%,66000,-77%,20812,-30.1%,782238.8375,-10.5%
10/18/2020,897886,-63.1%,585376,-40%,34700,-62%,48700,-54%,9998,-45.6%,752261.65,-9.8%
10/17/2020,1211061,-64.0%,780003,-44%,43800,-61%,70500,-54%,11831,-33.1%,794519.65,-16.7%
10/16/2020,1674686,-72.1%,986167,-57%,83800,-73%,64900,-78%,20776,-30.2%,820105.675,-20.3%
10/15/2020,1857822,-69.5%,1154164,-50%,90300,-71%,67700,-77%,22834,-23.3%,866244.625,-10.7%
10/14/2020,1842638,-68.5%,1161893,-47%,89200,-72%,66700,-77%,23169,-22.2%,824528.625,-9.4%
10/13/2020,1718853,-70.8%,1067179,-55%,76600,-76%,62700,-78%,20909,-29.8%,765671.45,-16.3%
10/12/2020,1286892,-69.8%,770512,-53%,76800,-76%,59300,-80%,15722,-47.2%,685981.8375,-19.7%
10/11/2020,849518,-68.1%,564047,-48%,34600,-62%,45700,-57%,9470,-48.4%,692668.9125,-22.7%
10/10/2020,1171657,-64.1%,770914,-44%,44500,-61%,77300,-49%,12627,-28.6%,823775.4625,-12.4%
10/9/2020,1811779,-69.1%,1114870,-51%,78700,-75%,72400,-75%,21274,-28.5%,896404.2125,-13.1%
10/8/2020,1801918,-70.2%,1128062,-52%,88000,-72%,65600,-77%,21964,-26.2%,845788.0125,-13.0%
10/7/2020,1774408,-63.7%,1124542,-39%,87100,-72%,64300,-78%,23027,-22.7%,814866.0875,0.0%
10/6/2020,1762320,-69.2%,1133242,-51%,87700,-72%,65100,-78%,21475,-27.9%,802900.2,-8.6%
10/5/2020,1682379,-70.6%,1092193,-53%,88700,-72%,62900,-78%,19971,-32.9%,783540.4625,-13.4%
10/4/2020,853591,-66.1%,566754,-47%,35000,-62%,43900,-58%,10010,-45.5%,706562.25,-18.8%
10/3/2020,1168073,-65.0%,773305,-45%,45000,-60%,68900,-55%,12759,-27.8%,810625.8875,-13.4%
10/2/2020,1794201,-70.1%,1109459,-52%,87300,-72%,67100,-77%,21626,-27.4%,891268.1,-11.3%
10/1/2020,1813961,-69.9%,1150563,-50%,86000,-73%,62100,-79%,22309,-25.1%,870605.55,-7.1%
9/30/2020,1744524,-70.7%,1077000,-55%,89200,-73%,61500,-79%,21424,-25.4%,822682.5,-11.2%
9/29/2020,1664896,-67.9%,1023100,-50%,88400,-73%,59700,-79%,20517,-28.6%,790861.225,-9.6%
9/28/2020,1492611,-68.7%,955300,-50%,89700,-73%,63800,-78%,17678,-38.5%,753158.5375,-13.4%
9/27/2020,846184,-66.7%,586900,-46%,40000,-60%,45200,-57%,9491,-49.3%,731091,-20.4%
9/26/2020,1120175,-65.1%,756300,-46%,47200,-60%,66800,-56%,12128,-29.2%,824515,-15.1%
9/25/2020,1765299,-70.0%,1077600,-53%,92500,-72%,67900,-76%,21233,-26.1%,912599,-10.7%
9/24/2020,1726180,-71.5%,1070500,-55%,89100,-73%,62400,-78%,21554,-25.0%,857578.35,-11.9%
9/23/2020,1739043,-71.3%,1093600,-55%,89000,-73%,62300,-78%,22501,-21.7%,834468.875,-12.0%
9/22/2020,1702325,-71.7%,1061900,-55%,87400,-73%,61000,-79%,21103,-26.6%,808350.725,-12.4%
9/21/2020,1627636,-71.7%,1021200,-56%,89700,-73%,61800,-79%,19488,-32.2%,788504.875,-14.6%
9/20/2020,828365,-68.3%,585500,-48%,39000,-61%,41800,-60%,9269,-50.5%,705596.3375,-24.5%
9/19/2020,1137948,-65.8%,761600,-47%,46800,-60%,64600,-58%,12246,-28.5%,802613.625,-17.5%
9/18/2020,1728810,-71.1%,1074200,-54%,90700,-72%,65700,-77%,20702,-28.0%,894931.275,-11.8%
9/17/2020,1695985,-71.9%,1060400,-56%,86800,-73%,61500,-79%,21005,-26.9%,848024.125,-13.5%
9/16/2020,1690405,-71.8%,1075300,-56%,87000,-73%,60700,-79%,22070,-23.2%,816708,-13.6%
9/15/2020,1681774,-71.8%,1087600,-55%,87000,-73%,60800,-79%,20763,-27.7%,815699.9375,-12.5%
9/14/2020,1607896,-71.7%,1044500,-56%,89500,-73%,60900,-79%,19888,-30.8%,799572.6125,-14.0%
9/13/2020,796744,-68.9%,577400,-48%,36700,-63%,38100,-64%,9315,-50.2%,703809.0625,-23.5%
9/12/2020,1083727,-65.4%,759700,-45%,44500,-62%,60500,-60%,12349,-27.9%,800189.725,-14.8%
9/11/2020,1693776,-71.2%,1072600,-54%,88600,-73%,65100,-77%,20809,-27.6%,895765.8875,-11.9%
9/10/2020,1547065,-74.0%,989000,-59%,82100,-75%,57100,-80%,20181,-29.8%,801431.3375,-17.5%
9/9/2020,1613662,-72.9%,1081700,-56%,86100,-74%,61500,-79%,21801,-24.1%,825411.9875,-11.9%
9/8/2020,1559312,-73.6%,1032900,-57%,90600,-72%,63300,-78%,19806,-31.1%,833995.95,-10.1%
9/7/2020,872174,-60.9%,650300,-31%,80100,-76%,40300,-86%,9261,-67.8%,697865.05,-24.0%
9/6/2020,819600,-67.4%,580400,-47%,44700,-55%,45400,-57%,10160,-45.7%,753035.6625,-16.2%
9/5/2020,1013746,-68.5%,740100,-48%,50600,-57%,64700,-58%,12118,-29.3%,798822.85,-14.5%
9/4/2020,1571533,-72.1%,1034500,-52%,88300,-73%,64200,-78%,20223,-29.6%,936602.4125,-3.7%
9/3/2020,1532512,-73.4%,1030700,-55%,82500,-75%,58000,-80%,19992,-30.4%,869126.075,-9.2%
9/2/2020,1491161,-72.9%,994000,-54%,77600,-76%,53000,-82%,19990,-30.4%,810144.375,-13.6%
9/1/2020,1472491,-72.3%,996600,-53%,76500,-77%,53100,-82%,18929,-34.1%,809684.8375,-14.9%
8/31/2020,1400448,-73.6%,987400,-54%,78100,-75%,52700,-81%,18185,-34.9%,817543.825,10.2%
8/30/2020,748886,-70.0%,822300,-24%,45100,-57%,41600,-60%,9752,-45.8%,805095.8,-10.2%
8/29/2020,774465,-73.4%,892800,-33%,37600,-72%,41300,-73%,9814,-41.0%,645955.925,-31.4%
8/28/2020,1391299,-71.7%,1333400,-33%,76100,-76%,53100,-81%,18845,-32.5%,899891.6375,-13.1%
8/27/2020,1361128,-74.2%,1274100,-39%,73000,-77%,48800,-82%,19271,-31.0%,847284.6375,-17.1%
8/26/2020,1410651,-72.9%,1361400,-33%,76600,-76%,50800,-81%,20659,-26.0%,859625,-9.1%
8/25/2020,1349335,-74.1%,1273400,-38%,73300,-77%,49700,-82%,18682,-33.1%,821596.8375,-12.7%
8/24/2020,1310101,-73.1%,1270700,-34%,75100,-76%,50100,-82%,17643,-36.8%,815664.725,-11.9%
8/23/2020,672193,-71.2%,783200,-29%,37900,-64%,35300,-66%,8297,-53.9%,737096.9375,-20.6%
8/22/2020,883393,-69.6%,998700,-27%,49100,-63%,51600,-66%,11456,-31.1%,812307.625,-17.5%
8/21/2020,1390232,-71.5%,1335800,-30%,76100,-76%,53000,-81%,19035,-31.9%,909773.4625,-10.2%
8/20/2020,1413449,-72.3%,1352700,-32%,75600,-76%,50900,-81%,19344,-30.8%,889781.9875,-10.7%
8/19/2020,1294931,-74.5%,1212800,-39%,70100,-78%,47700,-83%,19915,-28.7%,816805.15,-14.2%
8/18/2020,1372568,-73.1%,1307400,-35%,74200,-76%,47900,-82%,19274,-31.0%,838007.6375,-12.0%
8/17/2020,1307543,-72.9%,1275000,-34%,74500,-76%,49400,-82%,17377,-37.8%,806108.3625,-14.4%
8/16/2020,554980,-75.6%,622000,-43%,29900,-71%,28500,-73%,7902,-56.1%,620685.725,-31.9%
8/15/2020,861763,-69.9%,1001000,-28%,46800,-65%,51400,-66%,11487,-30.9%,804345.5,-15.1%
8/14/2020,1358798,-72.9%,1321800,-33%,72900,-77%,50700,-81%,18113,-35.2%,893657.4875,-11.4%
8/13/2020,1294248,-75.7%,1198800,-42%,69200,-78%,46500,-83%,18608,-33.4%,819018.9125,-17.9%
8/12/2020,1302087,-75.2%,1227500,-39%,68300,-78%,46800,-83%,19346,-30.7%,800865,-15.4%
8/11/2020,1322978,-74.3%,1256400,-36%,72400,-77%,46700,-83%,18546,-33.6%,821975.6,-9.4%
8/10/2020,1278263,-74.6%,1243700,-37%,73500,-76%,46800,-83%,18178,-34.9%,826001,-12.7%
8/9/2020,663642,-73.2%,766700,-30%,37600,-64%,32200,-69%,8287,-53.9%,744618.2625,-18.6%
8/8/2020,834093,-72.4%,962000,-30%,41700,-69%,43600,-71%,10613,-36.2%,730738.7375,-25.3%
8/7/2020,1286635,-75.1%,1256300,-38%,66000,-79%,42400,-84%,17502,-37.3%,844096.7375,-17.5%
8/6/2020,1337819,-75.4%,1241800,-41%,66600,-79%,38800,-86%,19117,-31.6%,847497.2875,-15.3%
8/5/2020,1351026,-74.3%,1305000,-34%,58000,-81%,36900,-86%,18299,-34.5%,847330,-7.5%
8/4/2020,1028686,-80.8%,968100,-54%,36800,-88%,31100,-89%,14924,-46.6%,577415.05,-38.3%
8/3/2020,1275951,-75.2%,1268300,-38%,70800,-77%,45900,-83%,17594,-37.0%,818732.45,-13.1%
8/2/2020,590675,-75.9%,707000,-38%,30500,-71%,28100,-73%,7431,-58.7%,648735.45,-29.9%
8/1/2020,843372,-72.0%,969300,-31%,44400,-67%,48700,-68%,10685,-35.8%,799744.7125,-14.9%
7/31/2020,1260968,-75.9%,1220700,-40%,67600,-79%,50900,-82%,17654,-36.2%,859774.4375,-15.7%
7/30/2020,1272918,-76.7%,1224100,-43%,68900,-78%,48600,-83%,17333,-37.4%,820274.9125,-18.8%
7/29/2020,1298880,-75.8%,1273100,-38%,70000,-78%,48500,-83%,18216,-34.2%,816959,-13.5%
7/28/2020,1244405,-77.0%,1210600,-43%,66700,-79%,45800,-84%,16892,-39.0%,782225.8,-17.6%
7/27/2020,1206129,-76.6%,1185000,-43%,70100,-78%,45700,-84%,16607,-40.0%,793224.9375,-22.2%
7/26/2020,607452,-75.1%,721100,-36%,36200,-65%,32300,-70%,7429,-57.3%,697533.3125,-26.8%
7/25/2020,817403,-73.2%,967300,-31%,43300,-66%,47600,-69%,10350,-34.8%,769898.0375,-21.8%
7/24/2020,1220649,-77.0%,1134300,-44%,65900,-79%,49000,-83%,17311,-37.5%,826030.075,-20.4%
7/23/2020,1236427,-77.8%,1180200,-45%,65600,-79%,47000,-83%,17056,-38.4%,791577.3625,-22.0%
7/22/2020,1236384,-77.9%,1189100,-46%,65300,-79%,46700,-83%,17582,-36.5%,784013.1375,-20.0%
7/21/2020,1244544,-76.4%,1204300,-41%,67600,-79%,48000,-83%,16831,-39.2%,792954.8625,-13.4%
7/20/2020,1159163,-77.1%,1130400,-43%,67700,-79%,46800,-83%,15957,-42.4%,770606.8875,-15.6%
7/19/2020,585498,-73.1%,692800,-33%,36400,-65%,29900,-72%,7052,-59.5%,696110.4,-20.4%
7/18/2020,779722,-70.5%,913700,-28%,41200,-68%,45500,-71%,9785,-38.4%,610925.5125,-34.0%
7/17/2020,1209692,-76.8%,1176200,-43%,64800,-80%,47400,-83%,16401,-40.8%,819471.1375,-20.3%
7/16/2020,1251884,-76.9%,1211800,-41%,66700,-79%,47400,-83%,17230,-37.8%,819850.2375,-16.2%
7/15/2020,1251164,-77.2%,1229000,-42%,66600,-79%,46900,-83%,18149,-34.4%,803399.225,-15.2%
7/14/2020,1243749,-77.6%,1211300,-44%,66300,-79%,46200,-84%,17081,-38.3%,794837.6125,-16.9%
7/13/2020,1178204,-77.8%,1144100,-45%,66400,-79%,46200,-84%,15928,-42.5%,756122.9,-20.4%
7/12/2020,628918,-74.2%,727700,-36%,34900,-67%,31800,-70%,7395,-57.5%,703589.5625,-25.9%
7/11/2020,693789,-77.1%,852600,-41%,30100,-76%,35300,-77%,8453,-46.8%,625288.2375,-37.1%
7/10/2020,1032749,-80.9%,926800,-55%,55900,-82%,39700,-86%,15738,-43.2%,712635.4,-30.0%
7/9/2020,1213851,-77.9%,1195700,-43%,65400,-79%,45500,-84%,17017,-38.5%,818034.1375,-15.7%
7/8/2020,1174733,-78.9%,1114900,-49%,63000,-80%,43400,-85%,16980,-38.7%,758208,-20.9%
7/7/2020,1159588,-78.8%,1118800,-48%,61800,-80%,44100,-84%,16003,-42.2%,749832.6875,-21.1%
7/6/2020,1087178,-78.8%,1030200,-50%,63900,-80%,44300,-84%,14886,-46.2%,750583.6125,-18.8%
7/5/2020,534220,-76.9%,658700,-40%,34600,-67%,30700,-71%,6280,-63.9%,659099.025,-24.8%
7/4/2020,592295,-77.2%,754900,-41%,38400,-70%,41800,-73%,8391,-47.2%,569212.1375,-28.4%
7/3/2020,847811,-78.3%,968200,-45%,56200,-82%,42900,-85%,10915,-60.6%,713240.2875,-16.6%
7/2/2020,1172248,-56.9%,1178500,5%,64200,-80%,45500,-84%,15981,-42.3%,881471.3625,14.6%
7/1/2020,1122842,-78.5%,1102200,-47%,56500,-82%,40000,-86%,16451,-40.6%,779409.0125,-22.8%
6/30/2020,1115510,-79.1%,1082000,-48%,58000,-83%,40900,-86%,15291,-47.8%,758785,-19.9%
6/29/2020,1103086,-78.8%,1087500,-47%,63300,-81%,42600,-86%,14705,-49.8%,767165.4625,-20.0%
6/28/2020,536488,-82.3%,641800,-42%,25700,-74%,26200,-76%,5748,-68.2%,623131.3375,-33.2%
6/27/2020,616084,-80.7%,753900,-43%,26800,-78%,34800,-78%,8541,-50.7%,630730.8875,-34.8%
6/26/2020,1104497,-79.8%,1130100,-43%,55600,-83%,41500,-86%,15048,-48.6%,830887.325,-20.6%
6/25/2020,1081006,-80.9%,1088500,-48%,53400,-84%,38200,-87%,14854,-49.3%,781617.65,-25.2%
6/24/2020,1070527,-81.5%,1099900,-51%,52400,-84%,38000,-87%,15155,-48.3%,752749.975,-25.9%
6/23/2020,1053005,-81.0%,1086200,-48%,52900,-84%,37600,-87%,15069,-48.6%,744822.4,-22.2%
6/22/2020,1002073,-81.5%,1016200,-52%,53900,-84%,38400,-87%,13314,-54.6%,733290.6125,-25.2%
6/21/2020,449497,-82.9%,592400,-47%,27100,-72%,27600,-75%,6328,-65.0%,654913.925,-32.4%
6/20/2020,576097,-82.6%,768500,-45%,29000,-76%,36000,-77%,8185,-52.8%,666226.3875,-33.6%
6/19/2020,988680,-82.2%,1035300,-45%,50200,-85%,38800,-87%,13868,-52.7%,797518.5375,-22.3%
6/18/2020,944318,-83.4%,977700,-52%,47800,-86%,35800,-88%,13808,-52.9%,729486.5375,-27.0%
6/17/2020,950318,-83.4%,977200,-55%,47200,-86%,36300,-88%,14595,-50.2%,709679.6,-26.8%
6/16/2020,934545,-83.3%,961000,-54%,46900,-86%,34100,-88%,12939,-55.8%,695359.35,-25.3%
6/15/2020,898925,-83.5%,940900,-57%,47500,-86%,34500,-88%,12953,-55.8%,674785.0875,-29.0%
6/14/2020,430446,-81.5%,571200,-45%,20900,-79%,22700,-79%,5195,-71.3%,563725.1375,-39.5%
6/13/2020,545333,-83.0%,706800,-50%,25400,-79%,32400,-80%,7794,-55.0%,631064.5875,-37.6%
6/12/2020,898314,-84.3%,966300,-57%,45100,-86%,33700,-89%,13224,-54.9%,765491.7,-26.5%
6/11/2020,819873,-85.6%,830100,-62%,40900,-88%,29100,-90%,12514,-57.3%,656695.9875,-32.4%
6/10/2020,858782,-85.4%,914700,-61%,43100,-87%,30800,-90%,13616,-53.5%,680270.1875,-30.6%
6/9/2020,843968,-85.3%,916900,-59%,42300,-87%,29500,-90%,12869,-56.1%,680462.4375,-29.1%
6/8/2020,806138,-84.7%,863400,-58%,42600,-87%,30500,-90%,11957,-59.2%,644829.65,-26.5%
6/7/2020,378085,-85.4%,531900,-51%,16800,-83%,18500,-83%,4650,-74.3%,538418.925,-39.6%
6/6/2020,464207,-85.8%,648000,-54%,18100,-85%,23600,-85%,6591,-62.0%,551793.0625,-43.1%
6/5/2020,704825,-87.6%,772900,-65%,33500,-90%,25200,-91%,11698,-60.1%,643562.475,-37.6%
6/4/2020,728018,-87.3%,797700,-63%,29800,-91%,25500,-91%,12000,-59.0%,650868.4375,-35.3%
6/3/2020,683037,-88.1%,741200,-68%,32500,-90%,23500,-92%,11962,-59.2%,582624,-39.7%
6/2/2020,695276,-87.4%,724400,-66%,33800,-90%,24600,-92%,11206,-61.8%,579411.7125,-39.1%
6/1/2020,688520,-87.6%,764300,-66%,34300,-90%,24500,-92%,10760,-63.3%,595059.5375,-37.8%
5/31/2020,344428,-86.4%,468300,-57%,13600,-86%,14700,-86%,4216,-77.3%,495487.9125,-44.7%
5/30/2020,426755,-86.5%,622000,-56%,15600,-87%,20300,-87%,6143,-64.5%,444761.2,-53.9%
5/29/2020,658353,-88.6%,720800,-67%,25100,-92%,21200,-93%,10185,-64.4%,598607.575,-43.0%
5/28/2020,659248,-88.5%,710800,-68%,25200,-92%,20400,-93%,10030,-64.9%,584629,-40.1%
5/27/2020,675705,-88.1%,719200,-67%,26500,-92%,21000,-93%,11088,-61.2%,601140.45,-36.6%
5/26/2020,657939,-87.9%,709000,-67%,26700,-92%,21800,-92%,9875,-65.5%,587269.95,-36.6%
5/25/2020,394359,-84.9%,531600,-54%,19300,-94%,19000,-93%,5428,-81.0%,445015.25,-43.5%
5/24/2020,320376,-87.4%,461200,-57%,11900,-88%,14100,-86%,4117,-77.8%,461170.95,-47.4%
5/23/2020,336250,-88.8%,460700,-65%,11000,-91%,14000,-91%,5550,-67.9%,394091.0375,-56.4%
5/22/2020,634929,-88.3%,690200,-69%,22800,-93%,19900,-93%,9782,-65.8%,626983.55,-40.4%
5/21/2020,630367,-88.9%,655300,-70%,22600,-93%,19200,-93%,9731,-66.0%,585552.55,-42.2%
5/20/2020,624793,-89.4%,654800,-72%,22200,-93%,18500,-94%,10224,-64.2%,542409.45,-45.3%
5/19/2020,611951,-89.6%,643600,-72%,21600,-93%,18700,-93%,9290,-67.5%,524482.6125,-45.9%
5/18/2020,596505,-89.3%,624200,-72%,22100,-93%,19200,-93%,8969,-68.6%,505314.6,-47.8%
5/17/2020,287755,-89.0%,413500,-63%,8800,-91%,7000,-93%,3577,-80.7%,391606.4125,-58.7%
5/16/2020,361329,-89.4%,530600,-63%,11100,-91%,14000,-91%,5947,-65.6%,477097.6625,-52.1%
5/15/2020,588784,-89.7%,671500,-70%,20100,-94%,28400,-90%,9473,-66.9%,520395.375,-50.7%
5/14/2020,568315,-90.4%,616000,-74%,19300,-94%,17500,-94%,8855,-69.0%,520395,-49.0%
5/13/2020,566333,-90.4%,611300,-74%,19400,-94%,17500,-94%,9437,-67.0%,509243,-48.0%
5/12/2020,554286,-90.4%,594900,-74%,19000,-94%,17400,-94%,8271,-71.1%,488406,-47.9%
5/11/2020,521702,-90.4%,553300,-74%,18300,-94%,16700,-94%,7636,-73.3%,458042,-49.4%
5/10/2020,272353,-86.9%,386000,-54%,8000,-92%,9200,-91%,3962,-78.7%,415868,-51.2%
5/9/2020,317372,-90.1%,462400,-68%,7700,-94%,11100,-93%,5055,-70.8%,371426,-62.6%
5/8/2020,526865,-90.7%,573700,-75%,15700,-95%,15200,-95%,8656,-69.7%,483831,-52.6%
5/7/2020,536003,-90.9%,605600,-74%,16100,-95%,16200,-94%,8509,-70.2%,488836,-50.5%
5/6/2020,509646,-91.3%,538800,-78%,14500,-95%,14700,-95%,8832,-69.1%,444179,-53.8%
5/5/2020,522979,-91.0%,583400,-75%,13300,-96%,15500,-95%,8445,-70.5%,462086,-50.6%
5/4/2020,512763,-90.9%,578300,-75%,11200,-97%,15800,-94%,8287,-71.0%,447424,-51.8%
5/3/2020,259199,-88.9%,375900,-55%,3300,-97%,7600,-93%,3263,-82.4%,353314,-55.7%
5/2/2020,326354,-89.9%,478600,-66%,4000,-97%,10900,-93%,5493,-68.3%,401621,-57.0%
5/1/2020,495312,-91.4%,555300,-75%,6200,-98%,12400,-96%,8332,-70.9%,445621,-55.9%
4/30/2020,466633,-92.1%,488800,-79%,9300,-97%,14400,-95%,7253,-74.9%,405169,-58.8%
4/29/2020,478589,-91.8%,519600,-78%,9100,-97%,14800,-95%,7844,-72.9%,410502,-56.9%
4/28/2020,490073,-91.5%,555600,-76%,9200,-97%,15400,-95%,7542,-73.9%,436347,-53.0%
4/27/2020,463700,-91.7%,518400,-77%,8800,-97%,15000,-95%,6922,-76.1%,384124,-57.6%
4/26/2020,219096,-90.9%,293500,-70%,1900,-98%,5400,-95%,2506,-86.6%,231541,-72.4%
4/25/2020,295836,-90.9%,430800,-68%,2900,-97%,9100,-94%,4719,-71.7%,350300,-62.0%
4/24/2020,444644,-91.2%,475400,-73%,7800,-97%,13200,-95%,7040,-75.7%,386935,-57.2%
4/23/2020,454300,-91.7%,487300,-75%,8400,-97%,13800,-95%,6969,-75.9%,386938,-58.9%
4/22/2020,459574,-91.5%,518900,-74%,8700,-97%,14100,-95%,7496,-74.1%,398703,-57.7%
4/21/2020,422860,-92.2%,450900,-78%,8300,-97%,13700,-95%,6613,-77.1%,356099,-61.8%
4/20/2020,438622,-91.1%,498700,-73%,8900,-97%,14800,-95%,7050,-75.6%,371776,-59.6%
4/19/2020,224751,-90.4%,318100,-68%,2200,-98%,6000,-94%,2742,-85.3%,276406,-68.6%
4/18/2020,254792,-91.0%,352000,-71%,2400,-98%,7200,-95%,4202,-74.8%,254735,-69.8%
4/17/2020,433106,-90.9%,470300,-73%,8300,-97%,13500,-95%,7048,-75.6%,326907,-66.1%
4/16/2020,421013,-92.9%,447000,-80%,8500,-97%,13800,-95%,6563,-77.3%,346342,-65.4%
4/15/2020,419851,-93.0%,454100,-81%,8600,-97%,13800,-95%,6928,-76.1%,340213,-64.9%
4/14/2020,430946,-92.7%,470900,-80%,8800,-97%,14100,-95%,6585,-77.2%,356104,-62.4%
4/13/2020,363961,-93.5%,347800,-84%,8200,-97%,13000,-95%,6205,-78.6%,284609,-68.7%
4/12/2020,198693,-92.0%,279100,-72%,2200,-98%,5100,-95%,2525,-86.5%,217871,-74.4%
4/11/2020,257467,-92.2%,378200,-73%,2700,-98%,7600,-95%,4235,-74.6%,254755,-73.1%
4/10/2020,400947,-93.0%,414100,-81%,8200,-97%,13000,-95%,5378,-81.4%,314100,-68.6%
4/9/2020,405325,-93.0%,401900,-83%,8400,-97%,12900,-96%,6243,-78.4%,303481,-68.8%
4/8/2020,428206,-92.7%,431700,-82%,9000,-97%,13500,-95%,6950,-76.0%,324882,-65.8%
4/7/2020,435718,-92.4%,441000,-81%,9300,-97%,14100,-95%,7041,-75.7%,332108,-63.7%
4/6/2020,446273,-92.0%,454900,-80%,10100,-97%,14400,-95%,7093,-75.5%,335769,-63.1%
4/5/2020,227603,-90.9%,299600,-70%,3000,-97%,5600,-95%,2763,-85.2%,177590,-80.1%
4/4/2020,282703,-91.4%,383400,-73%,3700,-97%,8100,-95%,4375,-73.8%,243323,-74.0%
4/3/2020,484200,-91.5%,483800,-78%,9700,-97%,13200,-95%,7794,-73.1%,295626,-69.6%
4/2/2020,486468,-91.8%,472700,-80%,10100,-97%,13700,-95%,7077,-75.5%,339734,-65.2%
4/1/2020,514201,-91.3%,495400,-79%,10500,-97%,13600,-95%,8151,-71.8%,342222,-63.4%
3/31/2020,509149,-91.2%,514300,-78%,,,,,7672,-74.2%,337626,-62.7%
3/30/2020,546355,-90.2%,563900,-75%,,,,,8084,-72.8%,344690,-61.6%
3/29/2020,264119,-88.3%,306800,-69%,,,,,3374,-80.8%,197154,-75.8%
3/28/2020,332993,-89.8%,403700,-71%,,,,,4491,-73.5%,240702,-74.1%
3/27/2020,658312,-88.2%,641800,-71%,,,,,8409,-71.7%,344434,-65.1%
3/26/2020,681923,-88.2%,646100,-72%,,,,,8796,-70.4%,390117,-59.7%
3/25/2020,691604,-87.9%,618000,-73%,,,,,9512,-68.0%,375767,-59.4%
3/24/2020,743314,-86.9%,657800,-72%,,,,,9136,-69.3%,395493,-56.3%
3/23/2020,711138,-86.9%,578200,-74%,,,,,9905,-66.7%,361514,-59.3%
3/22/2020,409364,-83.1%,378900,-65%,,,,,4824,-72.6%,277051,-68.2%
3/21/2020,620662,-79.5%,564900,-57%,,,,,6467,-61.8%,382993,-56.7%
3/20/2020,1312249,-76.1%,868600,-59%,,,,,12746,-57.1%,563262,-41.6%
3/19/2020,1425564,-74.4%,933600,-57%,,,,,14119,-52.5%,569696,-38.0%
3/18/2020,1629413,-71.4%,1059500,-55%,,,,,15942,-46.4%,634853,-31.2%
3/17/2020,1793359,-68.2%,1094900,-53%,,,,,18174,-38.9%,650455,-28.4%
3/16/2020,2184296,-59.5%,1237300,-45%,,,,,21149,-28.9%,708870,-20.6%
3/15/2020,1159079,-52.4%,711600,-31%,,,,,12480,-29.2%,535988,-36.4%
3/14/2020,1672800,-47.5%,993300,-27%,,,,,13395,-20.9%,631101,-30.2%
3/13/2020,3496765,-38.0%,1715700,-23%,,,,,26641,-10.4%,860419,-13.8%
3/12/2020,4163674,-28.4%,1938400,-18%,,,,,30815,3.6%,881188,-8.7%
3/11/2020,4712462,-18.5%,2113000,-10%,,,,,32204,8.3%,866706,-6.7%
3/10/2020,4883623,-15.1%,2112000,-9%,,,,,31315,5.3%,855585,-5.8%
3/9/2020,4989635,-10.4%,2124800,-7%,,,,,29609,-0.4%,860073,-4.7%
3/8/2020,2122328,0.4%,957200,7%,,,,,19477,10.6%,758580,-1.4%
3/7/2020,2817082,-9.6%,1249100,-9%,,,,,18117,7.0%,820830,-8.4%
3/6/2020,5204732,-8.4%,2066700,-7%,,,,,30971,4.1%,938167,-4.7%
3/5/2020,5513656,-4.4%,2244500,-1%,,,,,33211,11.7%,929298.0375,-0.9%
3/4/2020,5515945,-3.2%,2177200,-3%,,,,,34304,15.4%,905558.4,-0.1%
3/3/2020,5498556,-3.9%,2228600,-3%,,,,,32768,10.2%,882175.175,-1.7%
3/2/2020,5347055,23.9%,2209100,40%,,,,,30340,2.0%,874619.95,27.4%
3/1/2020,2214601,-1.3%,984900,1%,,,,,19922,13.1%,786960.6125,7.8%
