borough,date,total_outflow,total_inflow,visits_inside_home_borough,visits_from_outside_home_borough,visits_to_outside_boroughs
Staten Island,2018-12-31,227623.0,179495.0,161205,18290,66418
Manhattan,2018-12-31,492342.0,935079.0,388459,546620,103883
Bronx,2018-12-31,482385.0,407583.0,309345,98238,173040
Queens,2018-12-31,809229.0,736486.0,532517,203969,276712
Brooklyn,2018-12-31,829632.0,761865.0,590804,171061,238828
Staten Island,2019-01-07,243404.0,189242.0,170514,18728,72890
Manhattan,2019-01-07,527644.0,1074325.0,425366,648959,102278
Bronx,2019-01-07,550695.0,456624.0,348008,108616,202687
Queens,2019-01-07,879321.0,776092.0,566464,209628,312857
Brooklyn,2019-01-07,924229.0,854533.0,656936,197597,267293
Staten Island,2019-01-14,246919.0,191234.0,172882,18352,74037
Manhattan,2019-01-14,534760.0,1092965.0,432134,660831,102626
Bronx,2019-01-14,555977.0,467863.0,352596,115267,203381
Queens,2019-01-14,881313.0,777934.0,569525,208409,311788
Brooklyn,2019-01-14,937566.0,866119.0,663614,202505,273952
Staten Island,2019-01-21,242834.0,187481.0,168557,18924,74277
Manhattan,2019-01-21,523917.0,1048332.0,423424,624908,100493
Bronx,2019-01-21,520386.0,435402.0,331570,103832,188816
Queens,2019-01-21,860959.0,763222.0,556591,206631,304368
Brooklyn,2019-01-21,887026.0,813133.0,627942,185191,259084
Staten Island,2019-01-28,245685.0,192546.0,173662,18884,72023
Manhattan,2019-01-28,571814.0,1113377.0,467394,645983,104420
Bronx,2019-01-28,568588.0,481604.0,366276,115328,202312
Queens,2019-01-28,888957.0,774209.0,575105,199104,313852
Brooklyn,2019-01-28,948326.0,888885.0,681999,206886,266327
Staten Island,2019-02-04,254280.0,197598.0,177913,19685,76367
Manhattan,2019-02-04,565658.0,1123338.0,456759,666579,108899
Bronx,2019-02-04,548759.0,471653.0,346220,125433,202539
Queens,2019-02-04,877397.0,759824.0,555844,203980,321553
Brooklyn,2019-02-04,939448.0,869473.0,659105,210368,280343
Staten Island,2019-02-11,245087.0,189050.0,170144,18906,74943
Manhattan,2019-02-11,563349.0,1129081.0,455640,673441,107709
Bronx,2019-02-11,543410.0,442261.0,337705,104556,205705
Queens,2019-02-11,890860.0,794121.0,571063,223058,319797
Brooklyn,2019-02-11,941202.0,867945.0,661751,206194,279451
Staten Island,2019-02-18,225095.0,172961.0,153670,19291,71425
Manhattan,2019-02-18,538011.0,1048895.0,433574,615321,104437
Bronx,2019-02-18,490373.0,393828.0,304910,88918,185463
Queens,2019-02-18,827579.0,745060.0,527105,217955,300474
Brooklyn,2019-02-18,842590.0,752966.0,584309,168657,258281
Staten Island,2019-02-25,241736.0,190379.0,171482,18897,70254
Manhattan,2019-02-25,556448.0,1082609.0,456378,626231,100070
Bronx,2019-02-25,510894.0,420326.0,327084,93242,183810
Queens,2019-02-25,851087.0,762313.0,559253,203060,291834
Brooklyn,2019-02-25,878840.0,800086.0,625822,174264,253018
Staten Island,2019-03-04,243172.0,190086.0,171223,18863,71949
Manhattan,2019-03-04,550940.0,1079943.0,447006,632937,103934
Bronx,2019-03-04,496660.0,402705.0,309483,93222,187177
Queens,2019-03-04,840589.0,744790.0,540193,204597,300396
Brooklyn,2019-03-04,866430.0,790122.0,610002,180120,256428
Staten Island,2019-03-11,260233.0,204481.0,184147,20334,76086
Manhattan,2019-03-11,582585.0,1154721.0,472389,682332,110196
Bronx,2019-03-11,527134.0,430601.0,332556,98045,194578
Queens,2019-03-11,906139.0,809101.0,588103,220998,318036
Brooklyn,2019-03-11,920792.0,830716.0,648743,181973,272049
Staten Island,2019-03-18,261364.0,205803.0,185199,20604,76165
Manhattan,2019-03-18,551167.0,1107487.0,443300,664187,107867
Bronx,2019-03-18,520593.0,423354.0,327461,95893,193132
Queens,2019-03-18,898273.0,803010.0,585488,217522,312785
Brooklyn,2019-03-18,912781.0,823556.0,645334,178222,267447
Staten Island,2019-03-25,271943.0,214879.0,193868,21011,78075
Manhattan,2019-03-25,596490.0,1166815.0,486060,680755,110430
Bronx,2019-03-25,540687.0,451950.0,345319,106631,195368
Queens,2019-03-25,917689.0,820788.0,601740,219048,315949
Brooklyn,2019-03-25,946220.0,854456.0,670948,183508,275272
Staten Island,2019-04-01,269084.0,211158.0,190129,21029,78955
Manhattan,2019-04-01,609742.0,1180259.0,495004,685255,114738
Bronx,2019-04-01,534391.0,440532.0,336443,104089,197948
Queens,2019-04-01,914439.0,817678.0,591757,225921,322682
Brooklyn,2019-04-01,941145.0,849373.0,660827,188546,280318
Staten Island,2019-04-08,279888.0,222103.0,200171,21932,79717
Manhattan,2019-04-08,656929.0,1250431.0,536367,714064,120562
Bronx,2019-04-08,580529.0,481826.0,368184,113642,212345
Queens,2019-04-08,974946.0,870993.0,635223,235770,339723
Brooklyn,2019-04-08,1005410.0,910246.0,713668,196578,291742
Staten Island,2019-04-15,275401.0,218111.0,195284,22827,80117
Manhattan,2019-04-15,654712.0,1240084.0,527050,713034,127662
Bronx,2019-04-15,577780.0,482983.0,367543,115440,210237
Queens,2019-04-15,978269.0,890183.0,635252,254931,343017
Brooklyn,2019-04-15,998454.0,899398.0,703117,196281,295337
Staten Island,2019-04-22,266135.0,203475.0,180235,23240,85900
Manhattan,2019-04-22,647606.0,1257141.0,524656,732485,122950
Bronx,2019-04-22,551237.0,445820.0,340589,105231,210648
Queens,2019-04-22,944018.0,853159.0,598306,254853,345712
Brooklyn,2019-04-22,932707.0,821556.0,633974,187582,298733
Staten Island,2019-04-29,281627.0,222501.0,200625,21876,81002
Manhattan,2019-04-29,653402.0,1251017.0,534715,716302,118687
Bronx,2019-04-29,581221.0,480138.0,367425,112713,213796
Queens,2019-04-29,979566.0,878243.0,639399,238844,340167
Brooklyn,2019-04-29,998623.0,908738.0,705488,203250,293135
Staten Island,2019-05-06,294262.0,234213.0,209899,24314,84363
Manhattan,2019-05-06,648670.0,1252079.0,524979,727100,123691
Bronx,2019-05-06,582693.0,481859.0,366385,115474,216308
Queens,2019-05-06,991501.0,887280.0,645873,241407,345628
Brooklyn,2019-05-06,1011327.0,917705.0,713922,203783,297405
Staten Island,2019-05-13,299256.0,235405.0,212574,22831,86682
Manhattan,2019-05-13,666161.0,1289703.0,540347,749356,125814
Bronx,2019-05-13,581881.0,482767.0,365111,117656,216770
Queens,2019-05-13,1006334.0,896306.0,656528,239778,349806
Brooklyn,2019-05-13,1026989.0,924627.0,724897,199730,302092
Staten Island,2019-05-20,290484.0,230486.0,207773,22713,82711
Manhattan,2019-05-20,614949.0,1172031.0,483854,688177,131095
Bronx,2019-05-20,548177.0,446888.0,345421,101467,202756
Queens,2019-05-20,962827.0,864173.0,626512,237661,336315
Brooklyn,2019-05-20,978846.0,883411.0,692103,191308,286743
Staten Island,2019-05-27,295402.0,237790.0,213790,24000,81612
Manhattan,2019-05-27,638880.0,1169195.0,510853,658342,128027
Bronx,2019-05-27,550357.0,465729.0,353722,112007,196635
Queens,2019-05-27,970466.0,872966.0,642575,230391,327891
Brooklyn,2019-05-27,989500.0,904149.0,715025,189124,274475
Staten Island,2019-06-03,309110.0,244203.0,219166,25037,89944
Manhattan,2019-06-03,649706.0,1251286.0,521742,729544,127964
Bronx,2019-06-03,573168.0,464272.0,358250,106022,214918
Queens,2019-06-03,1019310.0,910035.0,663214,246821,356096
Brooklyn,2019-06-03,1026805.0,934483.0,726459,208024,300346
Staten Island,2019-06-10,300452.0,237802.0,214588,23214,85864
Manhattan,2019-06-10,611521.0,1172613.0,488137,684476,123384
Bronx,2019-06-10,544462.0,448982.0,343452,105530,201010
Queens,2019-06-10,970600.0,868994.0,634540,234454,336060
Brooklyn,2019-06-10,978474.0,897118.0,698272,198846,280202
Staten Island,2019-06-17,304821.0,242144.0,218226,23918,86595
Manhattan,2019-06-17,621433.0,1193855.0,495497,698358,125936
Bronx,2019-06-17,537515.0,455055.0,341868,113187,195647
Queens,2019-06-17,972782.0,879240.0,640563,238677,332219
Brooklyn,2019-06-17,979435.0,887987.0,695154,192833,284281
Staten Island,2019-06-24,303649.0,237957.0,213589,24368,90060
Manhattan,2019-06-24,615077.0,1227765.0,494520,733245,120557
Bronx,2019-06-24,558188.0,455607.0,349967,105640,208221
Queens,2019-06-24,999800.0,905378.0,650557,254821,349243
Brooklyn,2019-06-24,999128.0,902959.0,702460,200499,296668
Staten Island,2019-07-01,267562.0,205432.0,183021,22411,84541
Manhattan,2019-07-01,528025.0,973748.0,397595,576153,130430
Bronx,2019-07-01,492164.0,393151.0,302831,90320,189333
Queens,2019-07-01,887628.0,803077.0,565459,237618,322169
Brooklyn,2019-07-01,871856.0,792393.0,609781,182612,262075
Staten Island,2019-07-08,276413.0,209727.0,187615,22112,88798
Manhattan,2019-07-08,557315.0,1119563.0,439582,679981,117733
Bronx,2019-07-08,509469.0,415155.0,313282,101873,196187
Queens,2019-07-08,920542.0,824329.0,585946,238383,334596
Brooklyn,2019-07-08,909622.0,820629.0,631277,189352,278345
Staten Island,2019-07-15,274174.0,209955.0,187210,22745,86964
Manhattan,2019-07-15,550036.0,1095354.0,435196,660158,114840
Bronx,2019-07-15,501285.0,413336.0,307706,105630,193579
Queens,2019-07-15,899242.0,804530.0,571553,232977,327689
Brooklyn,2019-07-15,886108.0,793792.0,613073,180719,273035
Staten Island,2019-07-22,279096.0,211832.0,189349,22483,89747
Manhattan,2019-07-22,548331.0,1099081.0,432351,666730,115980
Bronx,2019-07-22,495054.0,398262.0,304507,93755,190547
Queens,2019-07-22,894936.0,814815.0,567726,247089,327210
Brooklyn,2019-07-22,882446.0,793528.0,609831,183697,272615
Staten Island,2019-07-29,277691.0,211177.0,188916,22261,88775
Manhattan,2019-07-29,526655.0,1070703.0,415409,655294,111246
Bronx,2019-07-29,489952.0,408862.0,305813,103049,184139
Queens,2019-07-29,889334.0,797436.0,567758,229678,321576
Brooklyn,2019-07-29,870133.0,785717.0,605124,180593,265009
Staten Island,2019-08-05,279457.0,210928.0,188278,22650,91179
Manhattan,2019-08-05,516599.0,1065064.0,402948,662116,113651
Bronx,2019-08-05,486754.0,392468.0,298784,93684,187970
Queens,2019-08-05,892555.0,821095.0,570255,250840,322300
Brooklyn,2019-08-05,863108.0,773920.0,593328,180592,269780
Staten Island,2019-08-12,276489.0,207101.0,185792,21309,90697
Manhattan,2019-08-12,520693.0,1044780.0,402397,642383,118296
Bronx,2019-08-12,476919.0,407167.0,294332,112835,182587
Queens,2019-08-12,896901.0,808529.0,571960,236569,324941
Brooklyn,2019-08-12,862949.0,780041.0,593893,186148,269056
Staten Island,2019-08-19,274433.0,206008.0,182900,23108,91533
Manhattan,2019-08-19,528327.0,1044837.0,409846,634991,118481
Bronx,2019-08-19,481553.0,395032.0,296945,98087,184608
Queens,2019-08-19,901456.0,832144.0,574217,257927,327239
Brooklyn,2019-08-19,861035.0,781256.0,592124,189132,268911
Staten Island,2019-08-26,288803.0,218698.0,194644,24054,94159
Manhattan,2019-08-26,611879.0,1121351.0,465682,655669,146197
Bronx,2019-08-26,507849.0,425561.0,317896,107665,189953
Queens,2019-08-26,933248.0,856399.0,594025,262374,339223
Brooklyn,2019-08-26,923967.0,825622.0,631932,193690,292035
Staten Island,2019-09-02,314635.0,249679.0,225240,24439,89395
Manhattan,2019-09-02,737336.0,1305140.0,590551,714589,146785
Bronx,2019-09-02,570177.0,479302.0,363249,116053,206928
Queens,2019-09-02,1034735.0,933407.0,676690,256717,358045
Brooklyn,2019-09-02,1047448.0,950843.0,740116,210727,307332
Staten Island,2019-09-09,326687.0,257103.0,231019,26084,95668
Manhattan,2019-09-09,789235.0,1460409.0,641288,819121,147947
Bronx,2019-09-09,644858.0,573859.0,421074,152785,223784
Queens,2019-09-09,1085839.0,964652.0,705309,259343,380530
Brooklyn,2019-09-09,1125728.0,1005807.0,781883,223924,343845
Staten Island,2019-09-16,326638.0,256088.0,230841,25247,95797
Manhattan,2019-09-16,756008.0,1406290.0,612572,793718,143436
Bronx,2019-09-16,625526.0,561053.0,407997,153056,217529
Queens,2019-09-16,1063454.0,932700.0,691113,241587,372341
Brooklyn,2019-09-16,1113028.0,1015962.0,785363,230599,327665
Staten Island,2019-09-23,308421.0,242321.0,219239,23082,89182
Manhattan,2019-09-23,657314.0,1242114.0,538645,703469,118669
Bronx,2019-09-23,514135.0,437552.0,333377,104175,180758
Queens,2019-09-23,960558.0,864157.0,631609,232548,328949
Brooklyn,2019-09-23,959481.0,871119.0,679445,191674,280036
Staten Island,2019-09-30,307039.0,240644.0,216707,23937,90332
Manhattan,2019-09-30,626550.0,1190945.0,504504,686441,122046
Bronx,2019-09-30,514122.0,448252.0,329981,118271,184141
Queens,2019-09-30,945369.0,836970.0,614724,222246,330645
Brooklyn,2019-09-30,959441.0,882189.0,680150,202039,279291
Staten Island,2019-10-07,290574.0,228979.0,205573,23406,85001
Manhattan,2019-10-07,608677.0,1145543.0,492664,652879,116013
Bronx,2019-10-07,504488.0,428569.0,324912,103657,179576
Queens,2019-10-07,920198.0,825473.0,602563,222910,317635
Brooklyn,2019-10-07,912345.0,821562.0,641727,179835,270618
Staten Island,2019-10-14,290505.0,229790.0,205992,23798,84513
Manhattan,2019-10-14,626622.0,1169338.0,508355,660983,118267
Bronx,2019-10-14,512283.0,438491.0,328789,109702,183494
Queens,2019-10-14,941522.0,842439.0,619559,222880,321963
Brooklyn,2019-10-14,936903.0,844374.0,660799,183575,276104
Staten Island,2019-10-21,287115.0,227976.0,205755,22221,81360
Manhattan,2019-10-21,623940.0,1181956.0,511518,670438,112422
Bronx,2019-10-21,517800.0,434974.0,335245,99729,182555
Queens,2019-10-21,941696.0,843300.0,623020,220280,318676
Brooklyn,2019-10-21,951113.0,862236.0,676530,185706,274583
Staten Island,2019-10-28,285218.0,230490.0,209017,21473,76201
Manhattan,2019-10-28,573905.0,1098155.0,473361,624794,100544
Bronx,2019-10-28,486479.0,410114.0,317894,92220,168585
Queens,2019-10-28,914982.0,816096.0,609694,206402,305288
Brooklyn,2019-10-28,914317.0,834005.0,659790,174215,254527
Staten Island,2019-11-04,284655.0,227604.0,205141,22463,79514
Manhattan,2019-11-04,524372.0,1058705.0,424053,634652,100319
Bronx,2019-11-04,465643.0,390831.0,297789,93042,167854
Queens,2019-11-04,900255.0,802732.0,590334,212398,309921
Brooklyn,2019-11-04,880303.0,805269.0,628466,176803,251837
Staten Island,2019-11-11,281806.0,226401.0,204291,22110,77515
Manhattan,2019-11-11,528427.0,1064182.0,431902,632280,96525
Bronx,2019-11-11,455109.0,380277.0,291544,88733,163565
Queens,2019-11-11,892863.0,791253.0,587047,204206,305816
Brooklyn,2019-11-11,872490.0,797112.0,624230,172882,248260
Staten Island,2019-11-18,277587.0,222681.0,201285,21396,76302
Manhattan,2019-11-18,525900.0,1052746.0,430002,622744,95898
Bronx,2019-11-18,451538.0,378564.0,291052,87512,160486
Queens,2019-11-18,884059.0,786737.0,585195,201542,298864
Brooklyn,2019-11-18,868610.0,798119.0,623966,174153,244644
Staten Island,2019-11-25,274016.0,225631.0,201600,24031,72416
Manhattan,2019-11-25,484538.0,925871.0,373838,552033,110700
Bronx,2019-11-25,447300.0,382415.0,293409,89006,153891
Queens,2019-11-25,878271.0,784438.0,583039,201399,295232
Brooklyn,2019-11-25,852629.0,776747.0,615978,160769,236651
Staten Island,2019-12-02,286491.0,226222.0,203959,22263,82532
Manhattan,2019-12-02,508910.0,1087060.0,414628,672432,94282
Bronx,2019-12-02,457151.0,379307.0,288299,91008,168852
Queens,2019-12-02,900066.0,795161.0,588001,207160,312065
Brooklyn,2019-12-02,880278.0,802087.0,623518,178569,256760
Staten Island,2019-12-09,296568.0,237849.0,213814,24035,82754
Manhattan,2019-12-09,528381.0,1141899.0,432836,709063,95545
Bronx,2019-12-09,474433.0,393120.0,300546,92574,173887
Queens,2019-12-09,921923.0,808544.0,600918,207626,321005
Brooklyn,2019-12-09,911393.0,829562.0,648559,181003,262834
Staten Island,2019-12-16,311028.0,251255.0,227169,24086,83859
Manhattan,2019-12-16,508006.0,1104419.0,406935,697484,101071
Bronx,2019-12-16,494723.0,408926.0,316668,92258,178055
Queens,2019-12-16,956064.0,847800.0,624876,222924,331188
Brooklyn,2019-12-16,926285.0,844600.0,664829,179771,261456
Staten Island,2019-12-23,257498.0,207895.0,181577,26318,75921
Manhattan,2019-12-23,398439.0,886816.0,300171,586645,98268
Bronx,2019-12-23,421586.0,355042.0,271446,83596,150140
Queens,2019-12-23,837105.0,756917.0,546585,210332,290520
Brooklyn,2019-12-23,801622.0,728534.0,573810,154724,227812
Staten Island,2019-12-30,273317.0,221115.0,197703,23412,75614
Manhattan,2019-12-30,481752.0,956872.0,379077,577795,102675
Bronx,2019-12-30,475269.0,403270.0,312212,91058,163057
Queens,2019-12-30,908014.0,835030.0,608144,226886,299870
Brooklyn,2019-12-30,859078.0,787116.0,621634,165482,237444
Staten Island,2020-01-06,302163.0,240979.0,216640,24339,85523
Manhattan,2020-01-06,569013.0,1195300.0,462277,733023,106736
Bronx,2020-01-06,577507.0,482362.0,375174,107188,202333
Queens,2020-01-06,1027657.0,922964.0,683337,239627,344320
Brooklyn,2020-01-06,999392.0,910083.0,715900,194183,283492
Staten Island,2020-01-13,283723.0,227539.0,204814,22725,78909
Manhattan,2020-01-13,493893.0,1053494.0,398945,654549,94948
Bronx,2020-01-13,529741.0,444575.0,347691,96884,182050
Queens,2020-01-13,947039.0,858036.0,634913,223123,312126
Brooklyn,2020-01-13,919804.0,845652.0,665472,180180,254332
Staten Island,2020-01-20,289047.0,230552.0,207466,23086,81581
Manhattan,2020-01-20,476031.0,1001883.0,384439,617444,91592
Bronx,2020-01-20,510826.0,429747.0,335370,94377,175456
Queens,2020-01-20,931650.0,840517.0,624122,216395,307528
Brooklyn,2020-01-20,882941.0,818571.0,641796,176775,241145
Staten Island,2020-01-27,289108.0,230796.0,208090,22706,81018
Manhattan,2020-01-27,466999.0,1011249.0,376183,635066,90816
Bronx,2020-01-27,538784.0,452400.0,352964,99436,185820
Queens,2020-01-27,935537.0,828964.0,621974,206990,313563
Brooklyn,2020-01-27,917524.0,860601.0,672975,187626,244549
Staten Island,2020-02-03,272430.0,216084.0,194515,21569,77915
Manhattan,2020-02-03,389084.0,902912.0,303969,598943,85115
Bronx,2020-02-03,479089.0,390712.0,298359,92353,180730
Queens,2020-02-03,835088.0,739024.0,545899,193125,289189
Brooklyn,2020-02-03,810592.0,749507.0,578796,170711,231796
Staten Island,2020-02-10,266803.0,211617.0,191024,20593,75779
Manhattan,2020-02-10,353457.0,836249.0,271742,564507,81715
Bronx,2020-02-10,435693.0,351739.0,267903,83836,167790
Queens,2020-02-10,793280.0,721279.0,518019,203260,275261
Brooklyn,2020-02-10,751709.0,689183.0,532535,156648,219174
Staten Island,2020-02-17,253587.0,195128.0,174452,20676,79135
Manhattan,2020-02-17,317786.0,758399.0,238607,519792,79179
Bronx,2020-02-17,374397.0,300419.0,224037,76382,150360
Queens,2020-02-17,726977.0,654157.0,458043,196114,268934
Brooklyn,2020-02-17,680511.0,618545.0,470564,147981,209947
Staten Island,2020-02-24,282084.0,224911.0,202537,22374,79547
Manhattan,2020-02-24,454110.0,993324.0,364258,629066,89852
Bronx,2020-02-24,533774.0,437105.0,342017,95088,191757
Queens,2020-02-24,896047.0,804596.0,596223,208373,299824
Brooklyn,2020-02-24,885790.0,825207.0,645925,179282,239865
Staten Island,2020-03-02,288412.0,232036.0,210472,21564,77940
Manhattan,2020-03-02,424927.0,920187.0,342763,577424,82164
Bronx,2020-03-02,506543.0,414946.0,325373,89573,181170
Queens,2020-03-02,871971.0,774415.0,583596,190819,288375
Brooklyn,2020-03-02,858522.0,806926.0,635810,171116,222712
Staten Island,2020-03-09,255634.0,209424.0,191436,17988,64198
Manhattan,2020-03-09,362749.0,749765.0,287906,461859,74843
Bronx,2020-03-09,474540.0,393949.0,314122,79827,160418
Queens,2020-03-09,805962.0,720814.0,553870,166944,252092
Brooklyn,2020-03-09,793695.0,752622.0,606612,146010,187083
Staten Island,2020-03-16,129576.0,105362.0,96141,9221,33435
Manhattan,2020-03-16,181447.0,338737.0,138339,200398,43108
Bronx,2020-03-16,290764.0,255395.0,203878,51517,86886
Queens,2020-03-16,455882.0,418035.0,325082,92953,130800
Brooklyn,2020-03-16,455888.0,450555.0,364267,86288,91621
Staten Island,2020-03-23,85503.0,71737.0,65391,6346,20112
Manhattan,2020-03-23,130140.0,220556.0,104873,115683,25267
Bronx,2020-03-23,206719.0,186709.0,151531,35178,55188
Queens,2020-03-23,290677.0,270687.0,215393,55294,75284
Brooklyn,2020-03-23,315410.0,314613.0,259463,55150,55947
Staten Island,2020-03-30,84072.0,71477.0,65624,5853,18448
Manhattan,2020-03-30,116513.0,183628.0,92663,90965,23850
Bronx,2020-03-30,189111.0,173124.0,140446,32678,48665
Queens,2020-03-30,263821.0,243310.0,195041,48269,68780
Brooklyn,2020-03-30,287661.0,287578.0,238793,48785,48868
Staten Island,2020-04-06,81501.0,69331.0,63830,5501,17671
Manhattan,2020-04-06,104540.0,163189.0,82686,80503,21854
Bronx,2020-04-06,159708.0,147179.0,117703,29476,42005
Queens,2020-04-06,242952.0,221994.0,177983,44011,64969
Brooklyn,2020-04-06,258126.0,257317.0,212893,44424,45233
Staten Island,2020-04-13,82488.0,69612.0,63832,5780,18656
Manhattan,2020-04-13,102625.0,159980.0,80778,79202,21847
Bronx,2020-04-13,159444.0,146339.0,117076,29263,42368
Queens,2020-04-13,248224.0,225291.0,180997,44294,67227
Brooklyn,2020-04-13,265611.0,262917.0,218779,44138,46832
Staten Island,2020-04-20,87415.0,73327.0,66886,6441,20529
Manhattan,2020-04-20,112604.0,180335.0,88552,91783,24052
Bronx,2020-04-20,175033.0,161365.0,128283,33082,46750
Queens,2020-04-20,272999.0,246840.0,196479,50361,76520
Brooklyn,2020-04-20,289575.0,288476.0,237211,51265,52364
Staten Island,2020-04-27,102116.0,86566.0,78567,7999,23549
Manhattan,2020-04-27,124048.0,196317.0,94591,101726,29457
Bronx,2020-04-27,193830.0,177944.0,140838,37106,52992
Queens,2020-04-27,310591.0,278589.0,221976,56613,88615
Brooklyn,2020-04-27,321495.0,321974.0,262151,59823,59344
Staten Island,2020-05-04,107287.0,89768.0,80789,8979,26498
Manhattan,2020-05-04,111099.0,191843.0,79682,112161,31417
Bronx,2020-05-04,191476.0,176598.0,134535,42063,56941
Queens,2020-05-04,310661.0,278093.0,214424,63669,96237
Brooklyn,2020-05-04,315363.0,318714.0,252112,66602,63251
Staten Island,2020-05-11,113548.0,93913.0,84663,9250,28885
Manhattan,2020-05-11,111984.0,199859.0,80879,118980,31105
Bronx,2020-05-11,193577.0,175749.0,134223,41526,59354
Queens,2020-05-11,324151.0,289091.0,223766,65325,100385
Brooklyn,2020-05-11,336209.0,333239.0,265218,68021,70991
Staten Island,2020-05-18,121338.0,100513.0,89897,10616,31441
Manhattan,2020-05-18,121111.0,211795.0,86976,124819,34135
Bronx,2020-05-18,203504.0,185413.0,141408,44005,62096
Queens,2020-05-18,352552.0,312718.0,242831,69887,109721
Brooklyn,2020-05-18,348484.0,347903.0,274636,73267,73848
Staten Island,2020-05-25,126597.0,104837.0,93949,10888,32648
Manhattan,2020-05-25,134185.0,225853.0,95500,130353,38685
Bronx,2020-05-25,221680.0,200583.0,154499,46084,67181
Queens,2020-05-25,374773.0,333277.0,259554,73723,115219
Brooklyn,2020-05-25,377383.0,372582.0,296422,76160,80961
Staten Island,2020-06-01,128204.0,104288.0,93273,11015,34931
Manhattan,2020-06-01,125195.0,227694.0,87487,140207,37708
Bronx,2020-06-01,214030.0,191067.0,145212,45855,68818
Queens,2020-06-01,367077.0,325463.0,248938,76525,118139
Brooklyn,2020-06-01,365930.0,361743.0,283402,78341,82528
Staten Island,2020-06-08,144339.0,115608.0,104030,11578,40309
Manhattan,2020-06-08,137216.0,250304.0,95063,155241,42153
Bronx,2020-06-08,232955.0,206289.0,156828,49461,76127
Queens,2020-06-08,406966.0,358242.0,273763,84479,133203
Brooklyn,2020-06-08,399569.0,395319.0,308135,87184,91434
Staten Island,2020-06-15,152515.0,120321.0,107850,12471,44665
Manhattan,2020-06-15,138813.0,258687.0,94063,164624,44750
Bronx,2020-06-15,236859.0,206617.0,156159,50458,80700
Queens,2020-06-15,423153.0,369925.0,281285,88640,141868
Brooklyn,2020-06-15,411675.0,407797.0,316847,90950,94828
Staten Island,2020-06-22,171383.0,136981.0,122987,13994,48396
Manhattan,2020-06-22,152279.0,287719.0,105248,182471,47031
Bronx,2020-06-22,255491.0,222744.0,169375,53369,86116
Queens,2020-06-22,462765.0,404006.0,307953,96053,154812
Brooklyn,2020-06-22,449704.0,440453.0,344576,95877,105128
Staten Island,2020-06-29,169904.0,133621.0,119371,14250,50533
Manhattan,2020-06-29,155241.0,277855.0,104971,172884,50270
Bronx,2020-06-29,256719.0,221819.0,169015,52804,87704
Queens,2020-06-29,467859.0,403719.0,308528,95191,159331
Brooklyn,2020-06-29,446511.0,437578.0,338313,99265,108198
Staten Island,2020-07-06,168234.0,132936.0,118894,14042,49340
Manhattan,2020-07-06,138132.0,269498.0,93467,176031,44665
Bronx,2020-07-06,236993.0,205604.0,155275,50329,81718
Queens,2020-07-06,450273.0,391163.0,297140,94023,153133
Brooklyn,2020-07-06,422506.0,414541.0,318837,95704,103669
Staten Island,2020-07-13,179828.0,143025.0,127508,15517,52320
Manhattan,2020-07-13,151491.0,293924.0,102909,191015,48582
Bronx,2020-07-13,252232.0,215963.0,163309,52654,88923
Queens,2020-07-13,473907.0,410525.0,310915,99610,162992
Brooklyn,2020-07-13,456086.0,445110.0,342987,102123,113099
Staten Island,2020-07-20,176682.0,138784.0,123330,15454,53352
Manhattan,2020-07-20,154622.0,302731.0,103833,198898,50789
Bronx,2020-07-20,254836.0,218841.0,165011,53830,89825
Queens,2020-07-20,486015.0,420095.0,317727,102368,168288
Brooklyn,2020-07-20,458121.0,447770.0,343589,104181,114532
Staten Island,2020-07-27,179523.0,141506.0,125949,15557,53574
Manhattan,2020-07-27,161924.0,311037.0,112758,198279,49166
Bronx,2020-07-27,258885.0,223884.0,169445,54439,89440
Queens,2020-07-27,492490.0,429168.0,325574,103594,166916
Brooklyn,2020-07-27,469782.0,459709.0,355527,104182,114255
Staten Island,2020-08-03,180316.0,144486.0,127952,16534,52364
Manhattan,2020-08-03,159523.0,313198.0,109052,204146,50471
Bronx,2020-08-03,251471.0,219197.0,163894,55303,87577
Queens,2020-08-03,488268.0,425637.0,320573,105064,167695
Brooklyn,2020-08-03,461322.0,454049.0,346990,107059,114332
Staten Island,2020-08-10,179924.0,142718.0,126343,16375,53581
Manhattan,2020-08-10,145996.0,294317.0,98860,195457,47136
Bronx,2020-08-10,230942.0,198895.0,148246,50649,82696
Queens,2020-08-10,469418.0,406106.0,304718,101388,164700
Brooklyn,2020-08-10,433696.0,423345.0,322749,100596,110947
Staten Island,2020-08-17,187410.0,146702.0,129375,17327,58035
Manhattan,2020-08-17,159725.0,317467.0,108444,209023,51281
Bronx,2020-08-17,245646.0,210982.0,157550,53432,88096
Queens,2020-08-17,494297.0,426600.0,320593,106007,173704
Brooklyn,2020-08-17,457431.0,445209.0,338686,106523,118745
Staten Island,2020-08-24,173765.0,136268.0,120805,15463,52960
Manhattan,2020-08-24,145452.0,295081.0,98276,196805,47176
Bronx,2020-08-24,226406.0,195733.0,144772,50961,81634
Queens,2020-08-24,460422.0,396476.0,297127,99349,163295
Brooklyn,2020-08-24,420777.0,413149.0,312763,100386,108014
Staten Island,2020-08-31,188186.0,147598.0,131565,16033,56621
Manhattan,2020-08-31,166599.0,323577.0,114147,209430,52452
Bronx,2020-08-31,245526.0,214031.0,159636,54395,85890
Queens,2020-08-31,490870.0,421289.0,318436,102853,172434
Brooklyn,2020-08-31,455189.0,444045.0,338347,105698,116842
Staten Island,2020-09-07,191188.0,154052.0,138162,15890,53026
Manhattan,2020-09-07,168893.0,329822.0,117928,211894,50965
Bronx,2020-09-07,241518.0,211108.0,157725,53383,83793
Queens,2020-09-07,495624.0,427940.0,325083,102857,170541
Brooklyn,2020-09-07,453830.0,450079.0,340916,109163,112914
Staten Island,2020-09-14,182047.0,147744.0,132492,15252,49555
Manhattan,2020-09-14,159016.0,327387.0,113533,213854,45483
Bronx,2020-09-14,226677.0,198897.0,148004,50893,78673
Queens,2020-09-14,467089.0,406674.0,307925,98749,159164
Brooklyn,2020-09-14,426101.0,425703.0,320335,105368,105766
Staten Island,2020-09-21,184390.0,149821.0,133293,16528,51097
Manhattan,2020-09-21,163791.0,341935.0,117607,224328,46184
Bronx,2020-09-21,234023.0,204545.0,152491,52054,81532
Queens,2020-09-21,480615.0,420369.0,317074,103295,163541
Brooklyn,2020-09-21,440901.0,438186.0,330522,107664,110379
Staten Island,2020-09-28,193883.0,157912.0,141663,16249,52220
Manhattan,2020-09-28,179391.0,350511.0,133342,217169,46049
Bronx,2020-09-28,232798.0,202318.0,152162,50156,80636
Queens,2020-09-28,474599.0,412701.0,312466,100235,162133
Brooklyn,2020-09-28,443471.0,433915.0,332914,101001,110557
Staten Island,2020-10-05,198445.0,162735.0,145643,17092,52802
Manhattan,2020-10-05,177117.0,354649.0,128330,226319,48787
Bronx,2020-10-05,229603.0,200947.0,149409,51538,80194
Queens,2020-10-05,480615.0,415494.0,313538,101956,167077
Brooklyn,2020-10-05,437265.0,419695.0,320168,99527,117097
Staten Island,2020-10-12,191186.0,157453.0,141046,16407,50140
Manhattan,2020-10-12,169788.0,336417.0,122607,213810,47181
Bronx,2020-10-12,222020.0,195685.0,144836,50849,77184
Queens,2020-10-12,465263.0,399334.0,302562,96772,162701
Brooklyn,2020-10-12,422116.0,408020.0,311060,96960,111056
Staten Island,2020-10-19,195023.0,160558.0,144473,16085,50550
Manhattan,2020-10-19,177194.0,355098.0,129122,225976,48072
Bronx,2020-10-19,232294.0,203066.0,150849,52217,81445
Queens,2020-10-19,480701.0,416252.0,314638,101614,166063
Brooklyn,2020-10-19,436585.0,424186.0,322623,101563,113962
Staten Island,2020-10-26,182378.0,153332.0,138395,14937,43983
Manhattan,2020-10-26,161949.0,327982.0,118248,209734,43701
Bronx,2020-10-26,219323.0,192147.0,144138,48009,75185
Queens,2020-10-26,462015.0,403918.0,306130,97788,155885
Brooklyn,2020-10-26,419881.0,410602.0,314043,96559,105838
Staten Island,2020-11-02,192702.0,158957.0,143791,15166,48911
Manhattan,2020-11-02,180593.0,336612.0,130325,206287,50268
Bronx,2020-11-02,224089.0,197238.0,147479,49759,76610
Queens,2020-11-02,475802.0,410818.0,313092,97726,162710
Brooklyn,2020-11-02,431126.0,430950.0,325544,105406,105582
Staten Island,2020-11-09,182272.0,150445.0,135750,14695,46522
Manhattan,2020-11-09,160552.0,318718.0,117624,201094,42928
Bronx,2020-11-09,205737.0,178103.0,132358,45745,73379
Queens,2020-11-09,452653.0,389956.0,293900,96056,158753
Brooklyn,2020-11-09,406487.0,395001.0,302058,92943,104429
Staten Island,2020-11-16,175963.0,144891.0,131112,13779,44851
Manhattan,2020-11-16,157088.0,306780.0,114961,191819,42127
Bronx,2020-11-16,201130.0,177600.0,132017,45583,69113
Queens,2020-11-16,441930.0,378867.0,286132,92735,155798
Brooklyn,2020-11-16,400610.0,391170.0,299891,91279,100719
Staten Island,2020-11-30,120730.0,99135.0,89856,9279,30874
Manhattan,2020-11-30,109753.0,212682.0,76285,136397,33468
Bronx,2020-11-30,142484.0,141219.0,94619,46600,47865
Queens,2020-11-30,312357.0,264638.0,198992,65646,113365
Brooklyn,2020-11-30,286891.0,277538.0,212513,65025,74378
Staten Island,2020-12-21,159999.0,133849.0,120142,13707,39857
Manhattan,2020-12-21,119628.0,243300.0,80264,163036,39364
Bronx,2020-12-21,183006.0,160017.0,119945,40072,63061
Queens,2020-12-21,409518.0,353837.0,265124,88713,144394
Brooklyn,2020-12-21,366187.0,359809.0,277025,82784,89162
Staten Island,2020-12-28,158512.0,127529.0,115573,11956,42939
Manhattan,2020-12-28,118408.0,242089.0,81160,160929,37248
Bronx,2020-12-28,176475.0,154999.0,115284,39715,61191
Queens,2020-12-28,395771.0,341013.0,255738,85275,140033
Brooklyn,2020-12-28,355421.0,343791.0,266475,77316,88946
Staten Island,2021-01-04,165580.0,133722.0,121262,12460,44318
Manhattan,2021-01-04,126628.0,262137.0,90653,171484,35975
Bronx,2021-01-04,187545.0,164644.0,122082,42562,65463
Queens,2021-01-04,412456.0,360458.0,267858,92600,144598
Brooklyn,2021-01-04,375457.0,368894.0,283202,85692,92255
Staten Island,2021-01-11,160199.0,129389.0,117062,12327,43137
Manhattan,2021-01-11,122747.0,256854.0,88119,168735,34628
Bronx,2021-01-11,175435.0,154850.0,113666,41184,61769
Queens,2021-01-11,396475.0,343974.0,257416,86558,139059
Brooklyn,2021-01-11,357318.0,349416.0,267147,82269,90171
Staten Island,2021-01-18,158718.0,127245.0,114867,12378,43851
Manhattan,2021-01-18,117925.0,247859.0,84609,163250,33316
Bronx,2021-01-18,169336.0,148247.0,108735,39512,60601
Queens,2021-01-18,389073.0,335675.0,250867,84808,138206
Brooklyn,2021-01-18,346865.0,338360.0,258357,80003,88508
Staten Island,2021-01-25,153649.0,123554.0,111971,11583,41678
Manhattan,2021-01-25,110897.0,238723.0,80341,158382,30556
Bronx,2021-01-25,163571.0,144041.0,105631,38410,57940
Queens,2021-01-25,373084.0,322198.0,241569,80629,131515
Brooklyn,2021-01-25,332638.0,326782.0,249187,77595,83451
Staten Island,2021-02-01,129142.0,103505.0,93906,9599,35236
Manhattan,2021-02-01,106816.0,209549.0,79967,129582,26849
Bronx,2021-02-01,141357.0,126766.0,94150,32616,47207
Queens,2021-02-01,316220.0,279082.0,209788,69294,106432
Brooklyn,2021-02-01,288826.0,286360.0,219747,66613,69079
